id,userCancelledAt,startingTime,expiryTime,companyId,status,hasFixedLicenseCount,noOfLicenses
CON_407408a4c27b,null,2024-05-20 05:58:29.85,null,C_ab339c516725,ACTIVE,false,null
CON_c674d13aed8a,null,2024-05-23 11:59:28.355,null,C_3fbca8bf0298,ACTIVE,false,null
CON_69eb2fb288df,null,2024-05-26 08:04:52.627,null,C_81451b741eb6,ACTIVE,false,null
CON_5eb050004524,null,2024-05-26 08:29:13.358,null,C_27997e855f84,SUSPENDED,false,null
CON_2f0ee2314967,null,2024-05-27 08:17:54.101,null,C_635710cd86ed,ACTIVE,false,null
CON_e723af68a34a,null,2024-05-31 05:36:03.905,null,C_6ad9f6324269,ACTIVE,false,null
CON_55f8e1966b8a,null,2024-06-02 09:58:00.978,null,C_2e0d97fa3a70,ACTIVE,false,null
CON_5d4d59e6a613,null,2024-06-03 21:09:21.054,null,C_ea0f35ab71b1,ACTIVE,false,null
CON_1b0dc2719e53,null,2024-06-30 19:25:50.754,null,C_8ccbe2487417,SUSPENDED,false,null
CON_f468d7f9ba8c,null,2024-03-21 00:00:00,2024-04-01 23:59:59.999,C_b8b5f70bb7dd,EXPIRED,false,null
CON_0fd4b7778968,null,2024-07-03 00:00:00,null,C_72f14b2b75db,SUSPENDED,false,null
CON_523997d6d164,2025-12-31 00:00:00,2023-12-26 00:00:00,2025-12-31 00:00:00,C_eb5e7d8cea49,EXPIRED,false,null
CON_b55a31eb0e74,null,2024-06-12 00:00:00,null,C_0cc4ab6f4d03,SUSPENDED,false,null
CON_41716c2c1a70,null,2024-06-16 00:00:00,null,C_ffa5459ef847,SUSPENDED,false,null
CON_3de6449943a9,null,2024-06-21 00:00:00,null,C_6d7ea7925d57,SUSPENDED,false,null
CON_58c3088fc9c7,2025-04-24 23:59:59.999,2024-02-01 00:00:00,2025-05-24 23:59:59.999,C_099e8cb8142a,EXPIRED,false,null
CON_43326718352f,null,2024-04-04 00:00:00,2024-06-01 23:59:59.999,C_7c4714caf7fa,EXPIRED,false,null
CON_3ee3a56acd48,null,2122-12-02 00:00:00,null,C_87930d2c9f22,PENDING,false,null
CON_2eb1fdb493ad,null,2122-10-01 00:00:00,null,C_0a331314796b,PENDING,false,null
CON_245ebed7c64a,null,2024-06-22 00:00:00,null,C_5c2cfe89f86d,SUSPENDED,false,null
CON_4b4bfd3d890a,null,2024-07-04 00:00:00,null,C_541eea12e393,SUSPENDED,false,null
CON_77fb50b74529,null,2024-03-10 00:00:00,2024-04-01 23:59:59.999,C_62738badee29,EXPIRED,false,null
CON_c76aa6cd799b,null,2024-05-22 00:00:00,2024-05-21 23:59:59.999,C_0a7e13477d76,EXPIRED,false,null
CON_773281305c0f,null,2024-06-06 00:00:00,null,C_f58325ffd1f9,SUSPENDED,false,null
CON_6926687576e0,null,2024-06-14 00:00:00,null,C_f7cfa5e58d56,SUSPENDED,false,null
CON_13d918057906,null,2024-05-05 00:00:00,null,C_c72d498b9a62,ACTIVE,false,null
CON_3d5ce3713300,null,2024-06-16 00:00:00,null,C_def126576ee1,SUSPENDED,false,null
CON_b590de7bb675,null,2024-01-11 00:00:00,null,C_b54c3ef44d67,ACTIVE,false,null
CON_3f895d1da937,null,2024-06-27 00:00:00,null,C_bdc68d24b14e,SUSPENDED,false,null
CON_db8e37ea3afa,null,2024-06-09 00:00:00,null,C_c2fb39d3e280,SUSPENDED,false,null
CON_ad5a1b3307b2,null,2024-05-30 00:00:00,2024-05-29 23:59:59.999,C_8b84cbd05bdd,EXPIRED,false,null
CON_9a81f16e0d32,null,2023-06-08 00:00:00,null,C_e39d59842c21,ACTIVE,false,null
CON_ea4ba31818fa,null,2024-04-12 00:00:00,2024-05-01 23:59:59.999,C_47d480f6d5d6,EXPIRED,false,null
CON_12da831f0f9b,null,2024-06-17 00:00:00,null,C_3af6c01fc132,SUSPENDED,false,null
CON_0b1bf7764483,null,2024-06-25 00:00:00,null,C_105404827e0f,SUSPENDED,false,null
CON_90ebe4e4db41,null,2024-03-11 00:00:00,2024-04-01 23:59:59.999,C_050ab23c82a8,EXPIRED,false,null
CON_27aae5321236,null,2024-03-04 00:00:00,null,C_b952dd35b2f1,ACTIVE,false,null
CON_b5ce456c422a,null,2024-03-14 00:00:00,2024-04-01 23:59:59.999,C_b1459d20a051,EXPIRED,false,null
CON_228df672f9d6,null,2023-02-17 00:00:00,2023-03-01 23:59:59.999,C_68df3a08fb36,EXPIRED,false,null
CON_9b113f0c212d,null,2023-08-14 00:00:00,2025-02-27 00:00:00,C_b54fb66700cc,EXPIRED,false,null
CON_8d535855faa0,null,2023-09-20 00:00:00,null,C_2e9e636c4e00,ACTIVE,false,null
CON_b6e0d26e1a7f,null,2025-01-04 00:00:00,2024-07-01 23:59:59.999,C_7d89b7b6e96f,EXPIRED,false,null
CON_d5c90712355a,null,2024-04-19 00:00:00,null,C_cc29f62d79e6,ACTIVE,false,null
CON_453d6279424c,null,2024-06-29 00:00:00,null,C_4c68d4d4cfad,SUSPENDED,false,null
CON_554f5905a64c,null,2023-12-31 00:00:00,null,C_90fd6dedc6a8,ACTIVE,false,null
CON_8aa6809e71c3,2025-03-30 23:00:00,2023-01-13 00:00:00,2025-03-30 23:00:00,C_2f606cb6f9aa,EXPIRED,false,null
CON_977fb7ebe226,null,2024-04-05 00:00:00,2024-05-01 23:59:59.999,C_7a6b070d5201,EXPIRED,false,null
CON_e17ade24b994,null,2023-07-19 00:00:00,null,C_7ffa9c8eacad,ACTIVE,false,null
CON_4864e28d0570,null,2023-09-24 00:00:00,null,C_f85cdeca5230,ACTIVE,false,null
CON_5afcddc85286,null,2023-06-30 00:00:00,null,C_2f676c693e03,ACTIVE,false,null
CON_5ffab1024eee,null,2023-10-22 00:00:00,null,C_534b9225f01a,ACTIVE,false,null
CON_7d9e4e76e479,null,2023-10-12 00:00:00,null,C_99089b21d19f,ACTIVE,false,null
CON_39ce9acaf5a7,null,2023-10-28 00:00:00,null,C_728a4117ee9e,ACTIVE,false,null
CON_d6d71e6786c0,null,2024-04-16 00:00:00,2024-05-01 23:59:59.999,C_376afd055848,EXPIRED,false,null
CON_fbb744e9fb89,null,2024-05-09 00:00:00,null,C_59ccd50b2283,ACTIVE,false,null
CON_d200a955ed8b,null,2024-03-06 00:00:00,2024-04-01 23:59:59.999,C_d775f1fe4295,EXPIRED,false,null
CON_6117a4a41db1,null,2024-06-30 00:00:00,null,C_e3e5cd6eb0c4,SUSPENDED,false,null
CON_65b887fddf20,null,2023-12-31 00:00:00,null,C_a2ef2f4a65e7,ACTIVE,false,null
CON_7d16662a6ee9,null,2024-03-13 00:00:00,null,C_75a1b1ed73df,ACTIVE,false,null
CON_f2f841fc0f01,null,2024-03-29 00:00:00,null,C_9a40b1cd2efe,INACTIVE,false,null
CON_032e8d315ce5,null,2023-08-06 00:00:00,2023-09-01 23:59:59.999,C_8e1a3b86d410,EXPIRED,false,null
CON_f39e2391c8c7,null,2023-01-02 00:00:00,null,C_3160ca82e1c1,ACTIVE,false,null
CON_828a0902a579,null,2023-01-21 00:00:00,null,C_6dd1b1c51148,ACTIVE,false,null
CON_3ee1e6c30a83,null,2023-08-23 00:00:00,null,C_daa757a555a9,ACTIVE,false,null
CON_20d3f0fc0650,null,2023-02-16 00:00:00,null,C_c29ab0ccbfbb,ACTIVE,false,null
CON_1819981c5f0b,null,2023-09-29 00:00:00,null,C_7c3de7b32496,ACTIVE,false,null
CON_969fc32f7e86,null,2024-06-30 00:00:00,null,C_e2eb3593c332,SUSPENDED,false,null
CON_698e80d76462,null,2023-07-19 00:00:00,null,C_49bf135afd5d,ACTIVE,false,null
CON_445b51b8b7d9,null,2023-01-06 00:00:00,null,C_a39b4cb21056,ACTIVE,false,null
CON_12cf183f6c76,2024-12-20 23:59:59.999,2024-03-20 00:00:00,2025-01-19 23:59:59.999,C_23c65a770802,EXPIRED,false,null
CON_1ab19202543c,null,2999-11-18 00:00:00,null,C_82464cf39f69,PENDING,false,null
CON_5aa06b1d8b6b,null,2023-02-17 00:00:00,2024-04-01 23:59:59.999,C_d1cf643b8824,EXPIRED,false,null
CON_a6e08bbe41b0,null,2024-06-30 00:00:00,null,C_5db33a074bb1,SUSPENDED,false,null
CON_00899a8a5899,null,2023-05-20 00:00:00,null,C_70b176e7acd7,ACTIVE,false,null
CON_5dcfff1f6804,null,2024-01-14 00:00:00,null,C_4719c03c5d6c,ACTIVE,false,null
CON_143526f0e8e1,null,2024-04-19 00:00:00,null,C_ad130239f96b,ACTIVE,false,null
CON_a4a99c11081e,null,2099-02-08 00:00:00,null,C_8de6a2f81ec0,PENDING,false,null
CON_54d4ac79748f,null,2024-04-24 00:00:00,2024-05-01 23:59:59.999,C_5660a783d592,EXPIRED,false,null
CON_87fe09678916,null,2024-02-24 00:00:00,2024-03-01 23:59:59.999,C_5f0a5db55746,EXPIRED,false,null
CON_8a0699de8b12,null,2024-01-27 00:00:00,2025-06-18 21:00:00,C_824609dfee36,TERMINATED,false,null
CON_4a67ac021e72,null,2024-01-08 00:00:00,null,C_a900f97841ef,ACTIVE,false,null
CON_284a6ad61d20,null,2023-03-18 00:00:00,2024-05-01 23:59:59.999,C_1a00b64e4f55,EXPIRED,false,null
CON_beef266061e9,2024-10-21 23:59:59.999,2023-07-20 00:00:00,2024-11-20 23:59:59.999,C_2f2e85a96dfc,EXPIRED,false,null
CON_f1226505011e,null,2024-01-08 00:00:00,null,C_50fcf3195b21,ACTIVE,false,null
CON_d3fd200bfa51,null,2024-02-01 00:00:00,null,C_9d376ae0876e,ACTIVE,false,null
CON_d72bb31fd07c,2025-11-29 23:00:00,2023-12-11 00:00:00,2025-12-30 23:00:00,C_f5a0f5ae86da,EXPIRED,false,null
CON_b8dfc1a3bd49,null,2024-01-08 00:00:00,null,C_6a5b149856b0,ACTIVE,false,null
CON_f0b747b6f764,null,2024-04-26 00:00:00,null,C_c399da126eb1,ACTIVE,false,null
CON_4bafb278f7aa,2026-02-05 00:00:00,2024-03-17 00:00:00,2026-04-02 23:00:00,C_7933a55a3127,EXPIRED,false,null
CON_de64bcdad34a,null,2024-04-24 00:00:00,null,C_1a6e92ff7494,ACTIVE,false,null
CON_d57190084e07,null,2024-03-10 00:00:00,2024-04-01 23:59:59.999,C_d9411d300cdf,EXPIRED,false,null
CON_a6563c7d60ba,null,2024-02-29 00:00:00,2026-02-28 20:00:00,C_647a50da70b2,EXPIRED,false,null
CON_5fd53d0495ec,null,2024-03-30 00:00:00,2024-08-29 00:00:00,C_e1f8e91c347d,EXPIRED,false,null
CON_dfc407bdf9e7,2024-08-12 23:59:59.999,2024-04-29 00:00:00,2024-09-11 23:59:59.999,C_bd41495f092f,EXPIRED,false,null
CON_bc6e4e9924bd,null,2024-03-08 00:00:00,2024-04-01 23:59:59.999,C_39ea5ce80e01,EXPIRED,false,null
CON_9ff13a40dca8,null,2023-08-03 00:00:00,2025-03-31 00:00:00,C_8fa942b4dae3,EXPIRED,false,null
CON_bdbb822cc61b,null,2023-04-05 00:00:00,null,C_15f2d93e8370,ACTIVE,false,null
CON_6813af85923f,null,2024-05-18 00:00:00,2024-06-01 23:59:59.999,C_2cae761035ea,EXPIRED,false,null
CON_00fdb15852a7,null,2023-03-30 00:00:00,2024-08-29 00:00:00,C_acbab3f1ef2b,EXPIRED,false,null
CON_aaa3f8292bf5,2024-09-21 23:59:59.999,2023-01-06 00:00:00,2024-10-21 23:59:59.999,C_d1cd73b81035,EXPIRED,false,null
CON_0635ad57c3f8,null,2023-01-06 00:00:00,null,C_8b391db2f616,ACTIVE,false,null
CON_9fe5ee9cf144,null,2024-04-19 00:00:00,null,C_d75a91f8475f,ACTIVE,false,null
CON_0da91b051977,null,2024-04-01 00:00:00,null,C_fcc053f19146,ACTIVE,false,null
CON_0bcb90d5d1b0,null,2023-04-30 00:00:00,2023-05-01 23:59:59.999,C_68bab9e9fdef,EXPIRED,false,null
CON_c092a0886964,null,2024-02-06 00:00:00,2024-03-01 23:59:59.999,C_f39ece4578d3,EXPIRED,false,null
CON_4e8f8b7f213e,null,2023-06-06 00:00:00,2023-07-01 23:59:59.999,C_d6f5fd311b58,EXPIRED,false,null
CON_2560d964c9b4,null,2023-09-07 00:00:00,2023-11-01 23:59:59.999,C_996b2b260006,EXPIRED,false,null
CON_f33bd8d81988,null,2023-09-01 00:00:00,2023-09-01 23:59:59.999,C_fb74f17b2814,EXPIRED,false,null
CON_ee973453f54c,null,2023-10-26 00:00:00,2023-11-01 23:59:59.999,C_9d3e9ae93bc7,EXPIRED,false,null
CON_7bd9b3b9b306,null,2023-09-10 00:00:00,2023-10-01 23:59:59.999,C_e254437a785a,EXPIRED,false,null
CON_6cec5e027373,null,2023-11-07 00:00:00,2023-12-01 23:59:59.999,C_74965788195e,EXPIRED,false,null
CON_eb2905c6446b,null,2024-01-15 00:00:00,2024-02-01 23:59:59.999,C_7f39b4be5e74,EXPIRED,false,null
CON_4cd1b8740795,null,2023-09-18 00:00:00,2023-11-01 23:59:59.999,C_9dd843f1398c,EXPIRED,false,null
CON_a9d5a9a5aa3d,null,2023-12-09 00:00:00,2024-01-01 23:59:59.999,C_543e025e7b5e,EXPIRED,false,null
CON_15ff3e35af02,null,2023-11-27 00:00:00,2023-12-01 23:59:59.999,C_f24d957086f4,EXPIRED,false,null
CON_ad0c3f15731a,null,2024-02-14 00:00:00,2024-03-01 23:59:59.999,C_3a190983bbf9,EXPIRED,false,null
CON_cc08d18b56b6,null,2023-09-19 00:00:00,2023-10-01 23:59:59.999,C_9baff160725b,EXPIRED,false,null
CON_bfc939781162,null,2023-10-02 00:00:00,2024-02-01 23:59:59.999,C_c364ff7ddb66,EXPIRED,false,null
CON_6a61672b3ebd,null,2023-09-26 00:00:00,2023-10-01 23:59:59.999,C_16d84a4729c6,EXPIRED,false,null
CON_304884c047c0,null,2023-10-09 00:00:00,2023-11-01 23:59:59.999,C_1b4dbef21485,EXPIRED,false,null
CON_c8c98a1eed83,null,2023-11-28 00:00:00,2023-12-01 23:59:59.999,C_b85b5d0cf76b,EXPIRED,false,null
CON_f0687e750fb5,null,2024-02-16 00:00:00,2024-03-01 23:59:59.999,C_97c85a4be799,EXPIRED,false,null
CON_4d626e4eea8f,null,2023-05-11 00:00:00,2023-06-01 23:59:59.999,C_ce2a4c594dbb,EXPIRED,false,null
CON_b11b72b5906c,null,2023-09-27 00:00:00,2023-10-01 23:59:59.999,C_e47b82018e08,EXPIRED,false,null
CON_7c2df3f87411,null,2023-01-21 00:00:00,2023-08-01 23:59:59.999,C_dbd779b36bfe,EXPIRED,false,null
CON_b1407338b7fb,null,2023-02-05 00:00:00,2024-05-01 23:59:59.999,C_68a9a851d830,EXPIRED,false,null
CON_2f71db901ec3,null,2023-04-29 00:00:00,2023-05-01 23:59:59.999,C_97570caa5300,EXPIRED,false,null
CON_158e3cef3b25,null,2023-09-06 00:00:00,2023-10-01 23:59:59.999,C_f318d7cf782a,EXPIRED,false,null
CON_edba1119acf4,null,2023-06-20 00:00:00,2023-07-01 23:59:59.999,C_9fc6ef9f5a41,EXPIRED,false,null
CON_086352469d58,null,2023-07-21 00:00:00,2023-08-01 23:59:59.999,C_7d81f5fb0025,EXPIRED,false,null
CON_f76285bc4ea2,null,2024-01-04 00:00:00,2024-02-01 23:59:59.999,C_4f207416eb84,EXPIRED,false,null
CON_a9c5512fa081,null,2024-07-05 00:00:00,null,C_37b106e2eb20,SUSPENDED,false,null
CON_fad45bc28651,2025-06-24 12:31:16.556692,2024-07-05 00:00:00,2025-06-30 00:00:00,C_1f2dcfd5074a,EXPIRED,false,null
CON_fab64f1ee688,null,2024-07-05 00:00:00,null,C_8eca8810f685,SUSPENDED,false,null
CON_7b19390b7691,null,2024-07-08 00:00:00,null,C_e24b4ebc2f98,SUSPENDED,false,null
CON_73854c7bb142,null,2024-07-11 00:00:00,null,C_7dd0b09522a3,SUSPENDED,false,null
CON_39e9aa68ea31,null,2024-07-11 00:00:00,null,C_623b805b844b,SUSPENDED,false,null
CON_11dd18c5f3aa,null,2024-07-12 00:00:00,null,C_471a6ee6314b,SUSPENDED,false,null
CON_37b8e78bad89,null,2024-07-12 00:00:00,null,C_0f0d16947d7c,SUSPENDED,false,null
CON_fdb5cb22cc7b,null,2024-07-13 00:00:00,null,C_530a5f1ab8a5,SUSPENDED,false,null
CON_8fbfea354bf7,null,2024-07-14 00:00:00,null,C_32d2eeece6b8,SUSPENDED,false,null
CON_5ae629095150,null,2024-07-15 00:00:00,null,C_e1dfc5499ce0,SUSPENDED,false,null
CON_2cd7edf84274,null,2024-07-16 00:00:00,null,C_3f441e578d12,SUSPENDED,false,null
CON_28081b35da38,null,2024-07-19 00:00:00,null,C_36ed17f6a1c0,SUSPENDED,false,null
CON_e705f7ca53eb,null,2024-07-19 00:00:00,null,C_8968dd5cc123,SUSPENDED,false,null
CON_826c9d89b943,null,2024-07-19 00:00:00,null,C_d7e04e354fb0,SUSPENDED,false,null
CON_9673a3313343,null,2024-07-19 00:00:00,null,C_b9f9eed4e528,SUSPENDED,false,null
CON_1b6e6f88a937,null,2024-07-19 00:00:00,null,C_c0977c4b0efd,SUSPENDED,false,null
CON_70ecc9e3432f,null,2024-07-19 00:00:00,null,C_b6b487168611,SUSPENDED,false,null
CON_a5e31e56d117,null,2024-07-20 00:00:00,null,C_709703a69bd4,SUSPENDED,false,null
CON_243e8e2cb884,null,2024-07-21 00:00:00,null,C_12a6e2912b41,SUSPENDED,false,null
CON_68b4a9210bd4,null,2024-07-22 00:00:00,null,C_24c307e43141,SUSPENDED,false,null
CON_d6a9a974e2b1,null,2024-07-22 00:00:00,null,C_344286ccc7a5,SUSPENDED,false,null
CON_21a3adc0bdd9,null,2024-07-24 00:00:00,null,C_909dc308ae96,SUSPENDED,false,null
CON_2b3a5a5372d5,null,2024-07-03 00:00:00,null,C_4c68d4d4cfad,ACTIVE,false,null
CON_226d1aed259c,null,2024-07-05 00:00:00,2025-02-27 00:00:00,C_8eca8810f685,EXPIRED,false,null
CON_335b3c8a02c0,null,2024-08-05 00:00:00,null,C_f7cc426c4af3,SUSPENDED,false,null
CON_133a2dc6bac8,null,2024-08-09 00:00:00,null,C_361dc9da45d6,SUSPENDED,false,null
CON_c34bdec28ec2,null,2024-07-11 00:00:00,null,C_37b106e2eb20,ACTIVE,false,null
CON_b49a8351591b,null,2024-08-12 00:00:00,2025-08-12 23:59:59.999,C_ed19c3ec3196,EXPIRED,false,null
CON_7292a73e7895,null,2024-08-12 00:00:00,null,C_acdeea9f962d,SUSPENDED,false,null
CON_b1542a30c815,null,2024-08-12 00:00:00,null,C_3d4ef7067f05,SUSPENDED,false,null
CON_34a126364aa2,null,2024-08-15 00:00:00,null,C_1e4261f90eb7,SUSPENDED,false,null
CON_97eb6272ad46,null,2024-08-15 00:00:00,null,C_a22759001486,SUSPENDED,false,null
CON_98f17e756181,null,2024-08-17 00:00:00,null,C_2e193debb82f,SUSPENDED,false,null
CON_b3dda0cf162a,2025-10-01 23:59:59.999,2024-12-05 00:00:00,2025-12-04 23:59:59.999,C_38ae46b8ab12,EXPIRED,false,null
CON_aad14019e0c8,null,2024-08-22 00:00:00,null,C_8eb2c6fe6f7a,SUSPENDED,false,null
CON_0073aa9fa087,null,2024-08-22 00:00:00,null,C_e57b880185a2,SUSPENDED,false,null
CON_211459179633,null,2024-08-25 00:00:00,null,C_16c8c6a42d78,SUSPENDED,false,null
CON_4f60c626662a,null,2024-08-26 00:00:00,null,C_e8dd2cdad84c,SUSPENDED,false,null
CON_9e7ced9b52d1,null,2024-08-29 00:00:00,null,C_315e8ba48c6b,SUSPENDED,false,null
CON_3f626a61402a,null,2024-08-29 00:00:00,null,C_f152b1a29881,SUSPENDED,false,null
CON_203d19409424,null,2024-07-29 00:00:00,null,C_909dc308ae96,ACTIVE,false,null
CON_add612b9d46e,null,2024-08-30 00:00:00,null,C_db583ff9d4f9,SUSPENDED,false,null
CON_32c9c5767333,null,2024-08-30 00:00:00,null,C_098fec20c97e,SUSPENDED,false,null
CON_d02ad6a7e4e0,null,2024-09-01 00:00:00,null,C_da25cbe0e639,SUSPENDED,false,null
CON_e91fb45a3ade,null,2024-08-01 00:00:00,null,C_e24b4ebc2f98,ACTIVE,false,null
CON_cbfcb00da874,null,2024-09-01 00:00:00,null,C_828c7a738d05,SUSPENDED,false,null
CON_eed5bd0e05de,null,2024-09-05 00:00:00,null,C_bc51b2b2b801,SUSPENDED,false,null
CON_23719b57c490,null,2024-09-07 00:00:00,null,C_603ed4e37024,SUSPENDED,false,null
CON_0341e606da76,null,2024-09-10 00:00:00,null,C_353f6cabef97,SUSPENDED,false,null
CON_3f198238e3b6,null,2024-09-12 00:00:00,null,C_94d169c4f64a,SUSPENDED,false,null
CON_1f06dd103082,null,2024-09-14 00:00:00,null,C_6d7000bc85e3,SUSPENDED,false,null
CON_9c6649e78e8d,null,2024-09-14 00:00:00,null,C_ad6aa7c522ee,SUSPENDED,false,null
CON_a4ff6b3456c1,null,2024-09-15 00:00:00,null,C_fb45d4e8e43e,SUSPENDED,false,null
CON_78a171471821,null,2024-08-28 00:00:00,2025-08-26 23:59:59.999,C_e872519f34e4,EXPIRED,false,null
CON_dad7c8f9841a,null,2024-09-19 00:00:00,null,C_5c25bfafc6d6,SUSPENDED,false,null
CON_da6f94c2279a,null,2024-09-23 00:00:00,2025-09-23 23:59:59.999,C_7b8980e6fa83,SUSPENDED,false,null
CON_b6abaa316a85,null,2024-09-26 00:00:00,null,C_19a3712757ca,ACTIVE,false,null
CON_794687dc2da6,null,2024-09-26 00:00:00,null,C_50a64aa54633,SUSPENDED,false,null
CON_371863f4c13a,null,2024-09-27 00:00:00,null,C_589aab0b9ac8,SUSPENDED,false,null
CON_e1824eeb3e09,null,2024-10-01 00:00:00,null,C_027efae2a045,SUSPENDED,false,null
CON_f1c7adf41422,null,2024-10-04 00:00:00,null,C_15341b195588,SUSPENDED,false,null
CON_a7da858f18fa,null,2025-01-01 00:00:00,2025-12-31 20:00:00,C_edddfbf6cf74,EXPIRED,true,18
CON_46acc601c7a0,null,2024-10-05 00:00:00,null,C_ddd7e8d138c7,ACTIVE,false,null
CON_861ba5a5ea50,null,2024-10-05 00:00:00,null,C_0f2cf1858871,SUSPENDED,false,null
CON_30612edfbdb9,null,2024-10-06 00:00:00,null,C_e37de032f4ac,SUSPENDED,false,null
CON_998c93654a03,null,2024-10-06 00:00:00,null,C_b37468027953,SUSPENDED,false,null
CON_be724860941d,null,2024-10-06 00:00:00,null,C_8db22e5e5893,ACTIVE,false,null
CON_b50c880b13e4,null,2024-10-07 00:00:00,null,C_b00821368a68,SUSPENDED,false,null
CON_cc06e22d817c,null,2024-10-11 00:00:00,null,C_2ab825fb05de,SUSPENDED,false,null
CON_40d04b93851f,null,2024-10-11 00:00:00,null,C_5c72f5b80fb5,SUSPENDED,false,null
CON_aa13dd3f9d37,null,2024-10-11 00:00:00,null,C_8e5d5b0f8e92,SUSPENDED,false,null
CON_f6a9989f39e1,null,2024-10-13 00:00:00,null,C_0f81927065fe,SUSPENDED,false,null
CON_148ee5a9f349,null,2024-10-16 00:00:00,null,C_97dcd03ebecd,SUSPENDED,false,null
CON_1ad210d63eec,null,2024-10-18 00:00:00,null,C_1e1e9ec98a40,SUSPENDED,false,null
CON_35b3448347a8,null,2025-01-01 00:00:00,2025-12-31 00:00:00,C_811a8a5e87c5,EXPIRED,true,25
CON_5886b88c38cd,2025-03-13 23:59:59.999,2024-09-23 00:00:00,2025-09-23 23:59:59.999,C_7b8980e6fa83,EXPIRED,false,null
CON_e6bf9084b8fa,null,2024-10-26 00:00:00,null,C_498b6016e2d1,SUSPENDED,false,null
CON_961c1a7fe278,null,2024-10-26 00:00:00,null,C_ff80498b8e27,SUSPENDED,false,null
CON_5465bddfb930,2025-09-03 23:59:59.999,2025-01-01 00:00:00,2025-12-31 20:00:00,C_4cb37e2d1d6d,EXPIRED,true,100
CON_c45fc8cd16ca,null,2024-10-28 00:00:00,null,C_1f43a8f8c384,SUSPENDED,false,null
CON_b47e8b83cb66,null,2024-10-28 00:00:00,null,C_3fa569f92e21,SUSPENDED,false,null
CON_630285085084,null,2024-10-31 00:00:00,null,C_9384e7278d7f,SUSPENDED,false,null
CON_9a4059a2671e,null,2024-10-31 00:00:00,null,C_6a3c03674cf9,SUSPENDED,false,null
CON_65d54d8beedb,null,2024-10-31 00:00:00,null,C_85652c4eff57,SUSPENDED,false,null
CON_c653da23e6db,2025-11-29 23:00:00,2024-11-01 00:00:00,2025-12-30 23:00:00,C_2ea874824649,EXPIRED,false,null
CON_6b5286652dee,null,2024-11-01 00:00:00,null,C_888ae682fca6,SUSPENDED,false,null
CON_52f488420eba,null,2024-11-02 00:00:00,null,C_7c2dfc8cdc73,SUSPENDED,false,null
CON_52b937ebdb09,null,2024-11-07 00:00:00,null,C_f68acd5c519b,SUSPENDED,false,null
CON_7b58e4f209e1,null,2024-11-07 00:00:00,null,C_6ac459d3cbf3,SUSPENDED,false,null
CON_49cc3336dfaa,null,2024-11-08 00:00:00,null,C_68e082520289,SUSPENDED,false,null
CON_d1fd2b2ebf08,null,2024-11-10 00:00:00,null,C_2aa8c1e522ac,SUSPENDED,false,null
CON_13744bcfa183,null,2024-11-14 00:00:00,null,C_c82b529a332e,SUSPENDED,false,null
CON_98010078ebdd,null,2024-11-15 00:00:00,null,C_342c553b5dd7,SUSPENDED,false,null
CON_730c3ffaf3f5,null,2024-11-17 00:00:00,null,C_64db6e33690c,SUSPENDED,false,null
CON_8cf0b13eeb98,null,2024-11-17 00:00:00,null,C_32d7ed9a9caf,SUSPENDED,false,null
CON_212505e6bb5e,null,2024-11-17 00:00:00,null,C_f0cb3b09acc4,SUSPENDED,false,null
CON_1d071177152c,null,2024-11-18 00:00:00,null,C_41fc26a1a4b1,SUSPENDED,false,null
CON_c6a48649600e,null,2024-11-21 00:00:00,null,C_795029c6e1bf,SUSPENDED,false,null
CON_3db45d9c09ce,null,2024-11-23 00:00:00,2025-12-31 00:00:00,C_e179e411b6c4,EXPIRED,false,null
CON_132ad707c12a,null,2024-11-23 00:00:00,null,C_a6775401d264,SUSPENDED,false,null
CON_33f62975b73f,null,2024-11-25 00:00:00,null,C_eadc5fe6109f,SUSPENDED,false,null
CON_5c1a5316b853,null,2024-12-01 00:00:00,null,C_90a9f80145e3,SUSPENDED,false,null
CON_4216825d85d2,null,2024-12-01 00:00:00,null,C_eaa3cfc1947a,SUSPENDED,false,null
CON_b2ac15a9236c,null,2024-12-01 00:00:00,null,C_b1cf5551da71,SUSPENDED,false,null
CON_ce787c8b6430,null,2024-12-02 00:00:00,null,C_41f4bcdcff91,SUSPENDED,false,null
CON_7998ca51d72a,null,2024-12-03 00:00:00,null,C_acd067ac3906,SUSPENDED,false,null
CON_f55ca67b1179,null,2024-12-05 00:00:00,null,C_1140e15dfd9c,SUSPENDED,false,null
CON_5a345a2cbbf2,null,2024-11-05 00:00:00,null,C_6a3c03674cf9,ACTIVE,false,null
CON_be74d992c064,null,2024-12-06 00:00:00,null,C_d378974ca048,SUSPENDED,false,null
CON_32d3df8b8387,null,2024-12-07 00:00:00,null,C_ff498469159f,SUSPENDED,false,null
CON_44f840e9d82e,null,2024-11-09 00:00:00,2025-11-09 23:59:59.999,C_56e0b9b1f5d9,SUSPENDED,false,null
CON_f38bbf246d9d,null,2024-12-09 00:00:00,null,C_b6a9adf7e3ca,SUSPENDED,false,null
CON_27d0d7948fc1,2025-05-01 23:59:59.999,2024-11-11 00:00:00,2025-05-31 23:59:59.999,C_e37de032f4ac,EXPIRED,false,null
CON_ad0c2860fdf1,null,2024-12-12 00:00:00,null,C_87f464518b1c,SUSPENDED,false,null
CON_545f53f36861,null,2024-12-14 00:00:00,null,C_72648bdd0ce3,SUSPENDED,false,null
CON_31b565911b48,null,2024-12-14 00:00:00,null,C_cce8793f6f2f,SUSPENDED,false,null
CON_8d7d7449f734,null,2024-12-14 00:00:00,null,C_491a82432c10,SUSPENDED,false,null
CON_ffca25712ef9,null,2024-12-14 00:00:00,null,C_001a64a5f475,SUSPENDED,false,null
CON_0e82c4e6e29d,null,2024-11-14 00:00:00,2025-10-30 23:59:59.999,C_56e0b9b1f5d9,EXPIRED,true,5
CON_8122e74b9392,null,2024-12-16 00:00:00,null,C_8654f6962bf0,SUSPENDED,false,null
CON_db8c1204e519,null,2025-03-31 23:00:00,2026-03-30 23:00:00,C_5c53d6f828d5,SUSPENDED,false,null
CON_85b41b865b13,null,2024-12-16 00:00:00,null,C_24ea387622ca,SUSPENDED,false,null
CON_b2f160fb910a,null,2024-12-18 00:00:00,null,C_fa181e51ee35,SUSPENDED,false,null
CON_33648812b793,null,2024-12-03 00:00:00,2025-11-30 00:00:00,C_38851d99c267,EXPIRED,false,null
CON_1816791187e0,null,2024-12-18 00:00:00,null,C_b1c569e14f5a,SUSPENDED,false,null
CON_6f83671114bd,null,2024-12-19 00:00:00,null,C_44b9fba50624,SUSPENDED,false,null
CON_eaa8a0d370f1,null,2024-12-19 00:00:00,null,C_0975cf3c19db,SUSPENDED,false,null
CON_607965afc53e,null,2024-12-21 00:00:00,null,C_43810222c1d3,SUSPENDED,false,null
CON_93a5915a9696,null,2024-12-21 00:00:00,null,C_7166021b5c21,SUSPENDED,false,null
CON_879c40d87865,null,2024-12-22 00:00:00,null,C_1cfce36e7937,SUSPENDED,false,null
CON_f8621791cb04,null,2024-12-03 00:00:00,2025-12-03 00:00:00,C_d0f545d0da7b,SUSPENDED,false,null
CON_3087bb3b4d99,null,2024-12-24 00:00:00,null,C_6bb09b49487c,SUSPENDED,false,null
CON_2ca6008f1771,null,2024-12-25 00:00:00,null,C_c8b0c362d0f6,SUSPENDED,false,null
CON_031d3995306b,null,2024-12-25 00:00:00,null,C_61089eda0918,SUSPENDED,false,null
CON_f57be19d0544,null,2024-12-26 00:00:00,null,C_46d486ddad8a,SUSPENDED,false,null
CON_02e387334a78,null,2024-12-26 00:00:00,null,C_632c48bd4bbd,SUSPENDED,false,null
CON_8376a9045be5,null,2024-12-27 00:00:00,null,C_1f7e6590a1a2,SUSPENDED,false,null
CON_f59b87c5c397,null,2024-12-28 00:00:00,2025-03-30 23:00:00,C_203c30314b52,EXPIRED,false,null
CON_cd3a71832353,null,2024-12-30 00:00:00,null,C_e268b2c34ab0,SUSPENDED,false,null
CON_eaecc90ad664,null,2025-01-02 00:00:00,null,C_9451f74c2868,SUSPENDED,false,null
CON_5686172a9741,null,2025-01-02 00:00:00,null,C_fc790c064bdc,SUSPENDED,false,null
CON_2c9755106ddb,null,2024-12-01 00:00:00,2025-11-30 22:00:00,C_8ab4a9125526,EXPIRED,true,5
CON_50bf2041d95d,null,2025-01-03 00:00:00,null,C_cf2efebedc56,SUSPENDED,false,null
CON_a91e1082d556,null,2025-11-30 23:59:59.999,null,C_38851d99c267,ACTIVE,false,null
CON_3422af31fdab,null,2025-01-03 00:00:00,null,C_d660ed613eba,SUSPENDED,false,null
CON_e3637ea7d68d,null,2024-12-03 00:00:00,2025-12-03 23:59:59.999,C_d0f545d0da7b,EXPIRED,true,50
CON_bd638d4ca58c,null,2025-01-03 00:00:00,null,C_39dba5b69159,SUSPENDED,false,null
CON_a15ac6565197,null,2025-01-07 00:00:00,null,C_2551cbac64cd,SUSPENDED,false,null
CON_c3fe9dcb0fe6,null,2025-01-07 00:00:00,null,C_7e6bd64a8ef3,SUSPENDED,false,null
CON_77c9099853f5,null,2025-01-07 00:00:00,null,C_b134bf030afb,SUSPENDED,false,null
CON_49cb4e6ffa5c,null,2025-01-09 00:00:00,null,C_ca52782729d0,SUSPENDED,false,null
CON_e218ef8e3e7a,null,2025-01-09 00:00:00,null,C_ec817124dcc4,SUSPENDED,false,null
CON_7c444254813c,null,2025-01-09 00:00:00,null,C_02d645df2d26,SUSPENDED,false,null
CON_52d2d73ee4ee,null,2025-01-10 00:00:00,null,C_c16ca25a9e03,SUSPENDED,false,null
CON_8afdf7dd9572,null,2025-01-10 00:00:00,null,C_fa26a52e9678,SUSPENDED,false,null
CON_88aa87dc62e3,null,2025-01-11 00:00:00,null,C_2e463b0712ea,SUSPENDED,false,null
CON_7d24ae5f94b3,null,2025-01-12 00:00:00,null,C_c1070d6bc0b8,SUSPENDED,false,null
CON_80f0fba73999,null,2025-01-12 00:00:00,null,C_fc0f4362144e,SUSPENDED,false,null
CON_446809136524,null,2025-01-12 00:00:00,null,C_24bb0795ef42,SUSPENDED,false,null
CON_5801883fe68e,null,2025-01-13 00:00:00,null,C_a42da3986c3d,SUSPENDED,false,null
CON_7b80013a6579,null,2025-01-15 00:00:00,null,C_4169eba859e1,SUSPENDED,false,null
CON_3574a532d24d,null,2025-01-15 00:00:00,null,C_7c37d9c23e9c,SUSPENDED,false,null
CON_4f2884cf4568,null,2025-01-16 00:00:00,null,C_4dce0b89ae9a,SUSPENDED,false,null
CON_cfe3f3dbdebd,null,2025-01-16 00:00:00,null,C_41b1cb1d46aa,SUSPENDED,false,null
CON_88eef588c990,null,2025-01-17 00:00:00,null,C_ef29c35cafbb,SUSPENDED,false,null
CON_f893c65dc63c,null,2025-01-17 00:00:00,null,C_ae8eb4c9f637,SUSPENDED,false,null
CON_7e476a718e1f,null,2025-01-18 00:00:00,null,C_8f2a144d8a6d,SUSPENDED,false,null
CON_a5eead4aa8ff,null,2025-01-21 00:00:00,null,C_68e4e93c5181,SUSPENDED,false,null
CON_e55f6aac8ff0,null,2025-01-21 00:00:00,null,C_ef9b824b17fd,SUSPENDED,false,null
CON_851e066c2aab,null,2025-01-22 00:00:00,null,C_61e77441eabe,SUSPENDED,false,null
CON_e116557dfe80,null,2025-01-01 00:00:00,2025-04-30 22:59:59.999,C_5fbb9313e6e5,EXPIRED,false,null
CON_87c5d9ad841c,null,2025-01-24 00:00:00,null,C_78036efae4c1,SUSPENDED,false,null
CON_4d9237a381e7,null,2025-01-24 00:00:00,null,C_105743c5f3e2,SUSPENDED,false,null
CON_5e874adee26c,null,2025-01-26 00:00:00,null,C_1afa0d963745,SUSPENDED,false,null
CON_762d7f1bdbd7,null,2025-01-27 00:00:00,null,C_a013e6e7691a,SUSPENDED,false,null
CON_98ccc5479411,null,2025-01-27 00:00:00,null,C_95e883400566,SUSPENDED,false,null
CON_743bf976436d,null,2025-01-28 00:00:00,null,C_20b97fe8253b,SUSPENDED,false,null
CON_9d8712a59e4f,null,2025-01-28 00:00:00,null,C_864b79bd63ee,SUSPENDED,false,null
CON_74ba493f8bcd,null,2025-01-29 00:00:00,null,C_37638f03a814,SUSPENDED,false,null
CON_783ed2b7141d,null,2025-01-29 00:00:00,null,C_b26f7326c3cc,SUSPENDED,false,null
CON_7a6fe9c24e16,null,2025-01-30 00:00:00,null,C_91ec0468b18b,SUSPENDED,false,null
CON_181daae0044b,null,2025-01-30 00:00:00,null,C_e482859e7113,SUSPENDED,false,null
CON_2848b749a12d,null,2025-01-30 00:00:00,null,C_f4ce083b016d,SUSPENDED,false,null
CON_b12be95dc291,null,2025-01-31 00:00:00,null,C_f5dbb79494a0,SUSPENDED,false,null
CON_6dedf1a184d0,null,2025-02-01 00:00:00,null,C_3e1f2c3d29da,SUSPENDED,false,null
CON_51fcabb34138,null,2025-02-02 00:00:00,null,C_42738a4bab9b,SUSPENDED,false,null
CON_56c05b9e0f12,null,2025-02-07 00:00:00,null,C_fa3d67ac4eac,SUSPENDED,false,null
CON_e727c8e614eb,null,2025-02-09 00:00:00,null,C_49de493c248d,SUSPENDED,false,null
CON_dce8549aae7a,null,2025-02-15 00:00:00,null,C_e9ac33579a34,SUSPENDED,false,null
CON_29fb772a0b71,null,2025-02-15 00:00:00,null,C_0accc65c8faa,SUSPENDED,false,null
CON_4fd702fe01d6,2025-12-23 14:23:33.490518,2025-01-16 00:00:00,2026-01-31 20:00:00,C_632c48bd4bbd,EXPIRED,false,null
CON_c4c0956fccf1,null,2025-02-16 00:00:00,null,C_abb9c63c5b8a,SUSPENDED,false,null
CON_18dad7791919,null,2025-02-17 00:00:00,null,C_4fe6b9a9861e,SUSPENDED,false,null
CON_6184daaf5fde,null,2025-02-17 00:00:00,null,C_23370f5aebec,SUSPENDED,false,null
CON_b3a73af42d4d,null,2025-02-18 00:00:00,null,C_cc7bea14ff82,SUSPENDED,false,null
CON_5e5165334c72,null,2025-02-20 00:00:00,null,C_b058e0581c63,SUSPENDED,false,null
CON_49bc373430e6,null,2025-02-20 00:00:00,null,C_fc863c5d3f22,SUSPENDED,false,null
CON_9ff7c54c3126,null,2025-02-21 00:00:00,null,C_5c242f949ced,SUSPENDED,false,null
CON_4c24b8ed6133,null,2025-02-23 00:00:00,null,C_657f5c5d3565,SUSPENDED,false,null
CON_af9fd0237cce,null,2025-02-23 00:00:00,null,C_5c782b057be2,SUSPENDED,false,null
CON_8816553637db,null,2025-04-01 00:00:00,2026-03-31 00:00:00,C_4a1ac8b0a1b1,EXPIRED,true,32
CON_79dbdab3c34c,null,2025-02-26 00:00:00,null,C_89e8bf53e444,SUSPENDED,false,null
CON_1074680844fd,null,2025-02-27 00:00:00,null,C_3b970c21ebab,SUSPENDED,false,null
CON_8893364c8a4a,null,2025-02-27 00:00:00,null,C_219872be2ba1,SUSPENDED,false,null
CON_8e9b1478c96b,null,2025-02-27 00:00:00,null,C_b5d9e4181540,SUSPENDED,false,null
CON_5bfb8c8b5373,null,2025-02-01 00:00:00,2026-01-31 22:00:00,C_a2c87a68bfa1,EXPIRED,false,null
CON_ecaea505264a,null,2025-03-02 00:00:00,null,C_477558104e75,SUSPENDED,false,null
CON_7d3e424a2f36,null,2025-03-02 00:00:00,null,C_bd501986a494,SUSPENDED,false,null
CON_ca2c00348547,null,2025-03-03 00:00:00,null,C_3f7120bdb8c3,SUSPENDED,false,null
CON_f2929de43a33,null,2025-01-31 00:00:00,2026-01-30 23:59:59.999,C_f86f77a40ecd,EXPIRED,true,25
CON_1a88fcb8317e,null,2025-03-06 00:00:00,null,C_e45464b21247,SUSPENDED,false,null
CON_cc2a01601c7b,null,2025-02-01 00:00:00,2026-01-31 22:00:00,C_521e13132853,EXPIRED,true,25
CON_07436faa00e7,null,2025-03-09 00:00:00,null,C_8634c534e026,ACTIVE,false,null
CON_90f6bb5ec973,null,2025-03-01 00:00:00,2026-02-28 00:00:00,C_5199a6170070,EXPIRED,true,15
CON_b1fae4c7b2dc,null,2025-03-09 00:00:00,null,C_6a85a77f24de,SUSPENDED,false,null
CON_a7d18594ffb4,null,2025-03-09 00:00:00,null,C_7917efa31e9a,SUSPENDED,false,null
CON_f026d6a1a8e6,null,2025-03-09 00:00:00,null,C_8e98352937c9,SUSPENDED,false,null
CON_cc85fc651fed,null,2025-03-10 00:00:00,null,C_5d224f2b6482,SUSPENDED,false,null
CON_e6bbe2c39e1a,null,2025-03-13 00:00:00,null,C_a849060e2b8d,SUSPENDED,false,null
CON_76222e96c77d,null,2025-02-10 00:00:00,null,C_49de493c248d,ACTIVE,false,null
CON_0dc4ec9f1437,null,2025-03-14 00:00:00,null,C_cb613254751b,SUSPENDED,false,null
CON_719f914c5ce1,2025-04-02 23:59:59.999,2025-03-14 00:00:00,2025-05-02 23:59:59.999,C_abb1def890dc,EXPIRED,false,null
CON_ffbac5b1ed40,null,2025-03-16 00:00:00,null,C_26b59b93a62d,SUSPENDED,false,null
CON_7a9c585f83c4,null,2025-03-16 00:00:00,null,C_5f171c94ba3b,SUSPENDED,false,null
CON_5341ffa80fb8,null,2025-03-17 00:00:00,null,C_b4f50207e270,SUSPENDED,false,null
CON_b9c0fde4ecc7,null,2025-03-18 00:00:00,null,C_60c450de39b5,SUSPENDED,false,null
CON_08cfc6d0d312,null,2025-03-19 00:00:00,null,C_56a8c9608078,SUSPENDED,false,null
CON_d7137dd64cc0,null,2025-03-21 00:00:00,null,C_06087f843842,SUSPENDED,false,null
CON_3993f7f2b4e0,null,2025-03-22 00:00:00,null,C_41f7d4417e72,SUSPENDED,false,null
CON_b2d99a0c7a40,null,2025-03-23 00:00:00,null,C_72de9de02665,SUSPENDED,false,null
CON_5613c673d54f,null,2025-02-21 00:00:00,null,C_b058e0581c63,ACTIVE,false,null
CON_85f05d58da41,null,2025-03-24 00:00:00,null,C_82379ec3a5f5,SUSPENDED,false,null
CON_779aa897c6d3,null,2025-03-24 00:00:00,null,C_a7b82323bd97,SUSPENDED,false,null
CON_2dc3fdfad987,null,2025-03-01 00:00:00,2026-02-28 21:59:00,C_fa3d67ac4eac,SUSPENDED,false,null
CON_c439d40d5aa7,null,2025-03-29 00:00:00,null,C_61fb930bdfba,SUSPENDED,false,null
CON_70b681a0997c,null,2025-03-30 00:00:00,null,C_72b9bcbe44f9,SUSPENDED,false,null
CON_472f4bc74801,null,2025-02-01 00:00:00,2026-02-28 20:00:00,C_7c2268eb6c42,EXPIRED,true,4
CON_5545020c07c3,null,2025-03-30 00:00:00,null,C_741d45a1c51f,SUSPENDED,false,null
CON_d0d67e47c930,null,2025-04-04 00:00:00,null,C_057e25c7970e,SUSPENDED,false,null
CON_035263edb1f4,null,2025-04-05 00:00:00,null,C_ba5612fbca02,SUSPENDED,false,null
CON_6ffb0a97a5fb,null,2025-04-05 00:00:00,null,C_6515f1756cbc,SUSPENDED,false,null
CON_a47e47771b79,null,2025-04-06 00:00:00,null,C_cf0cb0850085,SUSPENDED,false,null
CON_5a1a373ad4d1,null,2025-03-01 00:00:00,2026-02-27 23:59:59.999,C_fa3d67ac4eac,EXPIRED,true,36
CON_4a247ff9c682,null,2025-04-09 00:00:00,null,C_42e9380588f8,SUSPENDED,false,null
CON_b526c7fe72af,null,2025-03-01 00:00:00,2025-02-28 22:00:00,C_e45464b21247,EXPIRED,false,null
CON_747cf10e9c11,null,2025-04-01 00:00:00,2026-03-31 21:00:00,C_e268b2c34ab0,EXPIRED,true,53
CON_de8e9d6c91a8,null,2025-03-01 00:00:00,2026-02-27 23:59:59.999,C_e45464b21247,EXPIRED,true,25
CON_527230347d72,null,2025-03-01 00:00:00,2026-02-28 22:00:00,C_1f7e6590a1a2,EXPIRED,false,null
CON_e1b4183dc44d,null,2025-04-01 00:00:00,2026-03-31 00:00:00,C_47b2e15eb70f,EXPIRED,true,13
CON_cb9cbaad4bf3,null,2025-04-13 00:00:00,null,C_c82084b3a4e2,SUSPENDED,false,null
CON_76ec1d11ec8c,null,2025-04-13 00:00:00,null,C_069f90c796af,SUSPENDED,false,null
CON_3bea448783cb,null,2025-02-01 00:00:00,2026-01-31 22:00:00,C_9384e7278d7f,EXPIRED,true,15
CON_e1b540c8bb7f,null,2025-04-01 00:00:00,2026-03-31 00:00:00,C_fb60520cf036,EXPIRED,true,8
CON_4f6ce373c63b,null,2025-04-18 00:00:00,null,C_c211bdea9a31,SUSPENDED,false,null
CON_df0a5e5d7984,null,2025-04-01 00:00:00,2026-03-31 00:00:00,C_5d6a3c9c46f5,SUSPENDED,false,null
CON_530af2e85444,null,2025-04-01 00:00:00,2026-03-31 00:00:00,C_904977269f74,SUSPENDED,false,null
CON_425957eaee3b,null,2025-04-20 00:00:00,null,C_96808303c45f,SUSPENDED,false,null
CON_3f88d7827dc5,null,2025-04-21 00:00:00,null,C_f8d97016befc,SUSPENDED,false,null
CON_842cfcedbd9e,null,2025-04-23 00:00:00,null,C_6a9de3e3e688,SUSPENDED,false,null
CON_6399b9277197,null,2025-04-25 00:00:00,null,C_336e91434151,SUSPENDED,false,null
CON_6074bb3ca202,null,2025-04-25 00:00:00,null,C_2ff6bdcce45b,SUSPENDED,false,null
CON_23c6a904105e,null,2025-04-25 00:00:00,null,C_00ac766ab469,SUSPENDED,false,null
CON_560bafcb1933,null,2025-04-26 00:00:00,null,C_343f6ed29c60,SUSPENDED,false,null
CON_c9b8b51f114a,null,2025-04-26 00:00:00,null,C_3257a6dce0b7,SUSPENDED,false,null
CON_8fa37e5e8fdc,null,2025-04-26 00:00:00,null,C_8d953429f420,SUSPENDED,false,null
CON_040a06d9e6aa,null,2025-04-27 00:00:00,null,C_a7453071553c,SUSPENDED,false,null
CON_6dcf988aa22d,null,2025-04-30 00:00:00,null,C_c53b78c8580d,SUSPENDED,false,null
CON_a3767015b049,null,2025-05-01 00:00:00,null,C_8d86a207f1c9,SUSPENDED,false,null
CON_d1772345f571,null,2025-05-01 00:00:00,null,C_2dc521c4119a,SUSPENDED,false,null
CON_24c61f354831,null,2025-04-01 00:00:00,2026-03-31 00:00:00,C_46d814b5a375,EXPIRED,true,9
CON_aecb00302489,null,2025-04-01 00:00:00,2026-03-30 23:59:59.999,C_5c53d6f828d5,EXPIRED,true,5
CON_cc5eff7bf540,null,2025-05-04 00:00:00,null,C_3149a36b7d6e,SUSPENDED,false,null
CON_0700b385ace2,null,2025-05-05 00:00:00,null,C_044fb30edfbe,SUSPENDED,false,null
CON_79e44379ce60,null,2025-05-08 00:00:00,null,C_9bb5792c813e,SUSPENDED,false,null
CON_cfc8d52d207a,null,2025-04-08 00:00:00,2026-03-31 21:59:59.999,C_5d6a3c9c46f5,EXPIRED,true,25
CON_dd16d6bd24aa,null,2025-05-01 00:00:00,2026-04-30 00:00:00,C_8be880fd59a3,SUSPENDED,false,null
CON_39b437388b94,null,2025-04-10 00:00:00,2026-03-30 23:59:59.999,C_904977269f74,EXPIRED,true,22
CON_ea8b65c94995,2025-04-11 23:59:59.999,2025-04-01 00:00:00,2026-03-30 23:59:59.999,C_8bb2f38e42eb,EXPIRED,true,16
CON_1b3d0712ff32,null,2025-05-15 00:00:00,null,C_30276cf06c74,SUSPENDED,false,null
CON_2558e9689b7a,null,2025-05-15 00:00:00,null,C_272e7cdd42a2,SUSPENDED,false,null
CON_c05236a87980,null,2025-05-01 00:00:00,2026-04-30 00:00:00,C_f0f4a08afe1e,EXPIRED,true,27
CON_aea67eeae90a,null,2025-05-17 00:00:00,null,C_09daf3bd3e48,SUSPENDED,false,null
CON_41edb61efcba,null,2025-05-01 00:00:00,2026-04-30 00:00:00,C_c8c934012a83,SUSPENDED,false,null
CON_74a63aa0eaf1,null,2025-05-18 00:00:00,null,C_e2f0f53466ff,SUSPENDED,false,null
CON_0303ca4f9206,null,2025-05-19 00:00:00,null,C_2b0a374a9231,SUSPENDED,false,null
CON_f154a6d1b29b,null,2025-05-20 00:00:00,null,C_9afc4a8e0a7a,SUSPENDED,false,null
CON_1ad6481de3a7,null,2025-05-23 00:00:00,null,C_de0e75a78401,SUSPENDED,false,null
CON_69886a5440d8,null,2025-05-26 00:00:00,null,C_75729e1f8993,SUSPENDED,false,null
CON_720497747af1,null,2025-04-28 00:00:00,2025-12-31 01:00:00,C_8fa942b4dae3,EXPIRED,false,null
CON_dfe71c44d8e2,null,2025-05-31 00:00:00,null,C_6c94d7ae96e5,SUSPENDED,false,null
CON_9eb020226afd,null,2025-05-01 00:00:00,2026-04-30 00:00:00,C_8de78157c7f6,SUSPENDED,false,null
CON_501ba993b88c,null,2025-06-01 00:00:00,null,C_0051dbb36ad3,SUSPENDED,false,null
CON_f3e1b4ac51c3,null,2025-06-02 00:00:00,null,C_398bf2dadece,SUSPENDED,false,null
CON_9f13a79f69d3,null,2025-06-09 00:00:00,null,C_4c4219fb10a7,SUSPENDED,false,null
CON_3528a70024a4,null,2025-06-11 00:00:00,null,C_0c7df69fac29,SUSPENDED,false,null
CON_92926463efaf,null,2025-06-14 00:00:00,null,C_064e3ad3a002,SUSPENDED,false,null
CON_8f1f058adf2a,null,2025-08-01 00:00:00,2025-08-31 00:00:00,C_cb8d04e916c0,EXPIRED,false,null
CON_b2c012700dc9,null,2025-06-15 00:00:00,null,C_5c05115e8ac7,SUSPENDED,false,null
CON_2f4dbd68fbeb,null,2025-06-16 00:00:00,null,C_a89af2f59277,SUSPENDED,false,null
CON_d1d36b26b529,null,2025-06-06 00:00:00,null,C_3dbeb1cf1f4f,ACTIVE,false,null
CON_32c2cab2b597,null,2025-06-18 00:00:00,null,C_c0fdf23cd459,SUSPENDED,false,null
CON_4e3250091260,null,2025-06-19 00:00:00,null,C_d8d69562efa4,SUSPENDED,false,null
CON_eff9d8b2b69d,null,2025-06-20 00:00:00,null,C_d99887ba412e,SUSPENDED,false,null
CON_5c0db2330ca0,null,2025-06-20 00:00:00,null,C_d7d967b128e7,SUSPENDED,false,null
CON_57594e866263,null,2025-06-20 00:00:00,null,C_3b2dd303c3e2,SUSPENDED,false,null
CON_9ffdec08b624,null,2025-06-22 00:00:00,null,C_b2e1596f29cd,SUSPENDED,false,null
CON_523bcf9b3bbb,null,2025-06-24 00:00:00,null,C_465460be38e7,SUSPENDED,false,null
CON_b7335dca627a,null,2025-06-26 00:00:00,null,C_1b0d8b9a085e,SUSPENDED,false,null
CON_8a24d32ff5bc,null,2025-06-27 00:00:00,null,C_9dcb66cd059e,SUSPENDED,false,null
CON_344d9b4909c3,null,2025-06-27 00:00:00,null,C_32ed62aad35f,SUSPENDED,false,null
CON_283d57d428d0,null,2025-06-27 00:00:00,null,C_6ef536b597f3,SUSPENDED,false,null
CON_28f1b0cc75eb,null,2025-06-28 00:00:00,null,C_6050e044fb75,SUSPENDED,false,null
CON_44cec7fdda45,null,2025-06-28 00:00:00,null,C_9ec236c4159b,SUSPENDED,false,null
CON_860399141d7d,null,2025-06-29 00:00:00,null,C_100fc09a4fbd,SUSPENDED,false,null
CON_f80af81350fc,null,2025-06-30 00:00:00,null,C_330848eeccbe,SUSPENDED,false,null
CON_69d5163f7769,null,2025-07-01 00:00:00,null,C_570efad8b76e,SUSPENDED,false,null
CON_245e9fa4454f,null,2025-07-01 00:00:00,null,C_53c7abe186af,SUSPENDED,false,null
CON_941b9ba31ae7,null,2025-07-03 00:00:00,null,C_04b2035b68b3,SUSPENDED,false,null
CON_f6dd638299ed,null,2026-01-01 01:00:00,2026-12-31 21:00:00,C_dd7065b0c9e9,SUSPENDED,true,101
CON_d5ffbcad845d,null,2025-07-04 00:00:00,null,C_57947a7a7cd3,SUSPENDED,false,null
CON_702c7f79860c,null,2025-07-04 00:00:00,null,C_997cf66768ca,SUSPENDED,false,null
CON_9e0a0227f15a,null,2025-07-06 00:00:00,null,C_a356272b32ac,SUSPENDED,false,null
CON_17438dd14da0,null,2025-07-07 00:00:00,null,C_82068a374315,SUSPENDED,false,null
CON_89a5c74dd32d,null,2025-07-09 00:00:00,null,C_74ee54b139ec,SUSPENDED,false,null
CON_723b9ce014d2,null,2025-07-09 00:00:00,null,C_20f443d44ff3,SUSPENDED,false,null
CON_ee4134bc8668,null,2025-06-18 00:00:00,null,C_92a74034c389,SUSPENDED,false,null
CON_21b9a9f2fd87,null,2025-06-18 00:00:00,null,C_73a2f1c4a74a,SUSPENDED,false,null
CON_fe5f3af65653,null,2025-06-18 00:00:00,null,C_f1dad3944c3f,SUSPENDED,false,null
CON_d3f892472200,null,2025-06-18 00:00:00,null,C_f681c029614a,SUSPENDED,false,null
CON_3821e6467386,null,2025-06-18 00:00:00,null,C_dd98d72b368f,SUSPENDED,false,null
CON_aec7865ecaa2,null,2025-06-19 00:00:00,null,C_a8de78c54779,SUSPENDED,false,null
CON_88e13b9da8b1,null,2025-06-19 00:00:00,null,C_39b8b735f875,SUSPENDED,false,null
CON_a23123f43684,null,2025-06-19 00:00:00,null,C_3d55d7efbdb6,SUSPENDED,false,null
CON_eded5c15f998,null,2025-06-19 00:00:00,null,C_3bec72bc1628,SUSPENDED,false,null
CON_209b53d4970b,null,2025-06-20 00:00:00,null,C_c3ea0d3c890e,SUSPENDED,false,null
CON_b91ef1258f68,null,2025-07-01 00:00:00,2026-06-30 00:00:00,C_dfaf76f7dc51,SUSPENDED,false,null
CON_9183dbe5d280,null,2025-06-25 00:00:00,null,C_c713c11f77ec,SUSPENDED,false,null
CON_a71c64fa3cf0,null,2025-06-25 00:00:00,null,C_52bac51562b2,SUSPENDED,false,null
CON_82f5ec648af1,null,2025-06-25 00:00:00,null,C_ff262967c8be,SUSPENDED,false,null
CON_88ef1cfc2948,null,2025-06-26 00:00:00,null,C_74d556b2f855,SUSPENDED,false,null
CON_c6327d0eeaf2,null,2025-06-27 00:00:00,null,C_f566388626bf,SUSPENDED,false,null
CON_f9f9f7c94245,null,2025-06-28 00:00:00,null,C_e3657c45be1d,SUSPENDED,false,null
CON_4379d1ad53b9,null,2025-06-28 00:00:00,null,C_1c236872614e,SUSPENDED,false,null
CON_95eb83cd138b,null,2025-06-29 00:00:00,null,C_397d0eb96714,SUSPENDED,false,null
CON_79efa44fc75f,null,2025-06-30 00:00:00,null,C_c8833396643a,SUSPENDED,false,null
CON_60121a1ae5dd,null,2025-07-01 00:00:00,null,C_80a1427932ea,SUSPENDED,false,null
CON_16bafde09e4f,null,2025-07-01 00:00:00,null,C_fbfb0905fad1,SUSPENDED,false,null
CON_826c2528c434,null,2025-07-26 00:00:00,null,C_57acfc538725,SUSPENDED,false,null
CON_bf9c2ad77ab4,null,2025-07-02 00:00:00,null,C_b963fa39d098,SUSPENDED,false,null
CON_cbe84ee2f131,null,2025-07-03 00:00:00,null,C_2a62f4d73638,SUSPENDED,false,null
CON_32d874af0959,null,2025-07-05 00:00:00,null,C_1ab2774c6d0b,SUSPENDED,false,null
CON_bd341810ceb8,null,2025-07-08 00:00:00,null,C_ada550bc5983,SUSPENDED,false,null
CON_b449db491f7e,null,2025-07-09 00:00:00,null,C_e5b7bb647f67,SUSPENDED,false,null
CON_727533440080,null,2025-07-11 00:00:00,null,C_71bfd45dc76d,SUSPENDED,false,null
CON_de5517b58dbc,null,2025-08-16 00:00:00,null,C_2eb2bb3b0bfc,SUSPENDED,false,null
CON_f162b6daa2e3,null,2025-07-12 00:00:00,null,C_7cdfe44a8e39,SUSPENDED,false,null
CON_a0abcb550f44,null,2025-07-15 00:00:00,null,C_f35b6c32ca88,SUSPENDED,false,null
CON_601c520c44f5,null,2025-07-15 00:00:00,null,C_c0238f1b43b5,SUSPENDED,false,null
CON_27e20d7b598b,null,2025-07-15 00:00:00,null,C_9a3f94e45124,SUSPENDED,false,null
CON_bbdd7c026324,null,2025-07-15 00:00:00,null,C_a9d49a83ff8a,ACTIVE,false,null
CON_742e63ce0a7b,null,2025-08-01 00:00:00,2026-07-31 00:00:00,C_f48327f8cea5,ACTIVE,true,6
CON_89b7e55a89fe,null,2025-07-22 00:00:00,null,C_c6287cc5ddae,SUSPENDED,false,null
CON_19f18d66daa5,null,2025-07-22 00:00:00,null,C_645d42d96d41,SUSPENDED,false,null
CON_b8688c7ff785,null,2025-07-22 00:00:00,null,C_bef585cb8650,SUSPENDED,false,null
CON_bce7468bc922,null,2025-07-22 00:00:00,null,C_11e8f3301e2a,SUSPENDED,false,null
CON_3d5b3a1b9616,null,2025-07-23 00:00:00,null,C_14b0ffa6f957,SUSPENDED,false,null
CON_c2e033f02e92,null,2025-08-02 00:00:00,null,C_8d976af710e5,SUSPENDED,false,null
CON_fa043ac52bff,null,2025-08-02 00:00:00,null,C_98a2db58f3b8,SUSPENDED,false,null
CON_f6ecfe8cad3b,null,2025-07-24 00:00:00,null,C_67910b036459,SUSPENDED,false,null
CON_a07bd36ca587,null,2025-07-25 00:00:00,null,C_1b3473b55ad8,SUSPENDED,false,null
CON_895ca518f124,null,2025-07-25 00:00:00,null,C_67caed0d05e3,SUSPENDED,false,null
CON_9a78034d8a3b,null,2025-07-26 00:00:00,null,C_7fcdf4ecdb46,SUSPENDED,false,null
CON_d5adabb079f5,2025-10-19 23:59:59.999,2025-07-27 00:00:00,2025-11-18 23:59:59.999,C_2f5bf561a164,EXPIRED,false,null
CON_3984b016dbc4,null,2025-07-28 00:00:00,null,C_b99f3444003b,SUSPENDED,false,null
CON_1c3ceefb24a0,null,2025-07-28 00:00:00,null,C_7f705e27ee86,SUSPENDED,false,null
CON_34d15e523a85,null,2025-08-01 00:00:00,2026-07-31 20:00:00,C_e3657c45be1d,ACTIVE,true,16
CON_1c2d8b3711a4,null,2025-07-29 00:00:00,null,C_0524d5d40a18,SUSPENDED,false,null
CON_f804c461bfec,null,2025-07-30 00:00:00,null,C_191ed4201b04,SUSPENDED,false,null
CON_918de9ace6bf,null,2025-07-30 00:00:00,null,C_1c091f2ae39e,SUSPENDED,false,null
CON_207b8e459d66,null,2025-07-30 00:00:00,null,C_8ecc7b53b3fd,SUSPENDED,false,null
CON_6679ffe105a0,null,2025-07-31 00:00:00,null,C_9b01126b6f7f,SUSPENDED,false,null
CON_e40b3b420d9b,null,2025-08-01 00:00:00,null,C_b27ff44216b5,SUSPENDED,false,null
CON_3eed27c00873,null,2025-08-01 00:00:00,null,C_b55c86fd1a3b,SUSPENDED,false,null
CON_6ab913811ba1,null,2025-08-05 00:00:00,null,C_86fb3aa6b19c,SUSPENDED,false,null
CON_868260dfe418,null,2025-08-05 00:00:00,null,C_2209bc63f2cd,SUSPENDED,false,null
CON_7f66680b64df,null,2025-08-05 00:00:00,null,C_4001c5d08852,SUSPENDED,false,null
CON_eb9dfbdcde68,null,2025-08-05 00:00:00,null,C_2baf88f3d045,SUSPENDED,false,null
CON_8e997187aa50,null,2025-08-07 00:00:00,null,C_8e2bcfeee995,SUSPENDED,false,null
CON_6dc6d43fac11,null,2025-08-01 00:00:00,2026-07-31 21:00:00,C_52a478ad447b,ACTIVE,true,6
CON_1091fc66e934,null,2025-08-01 00:00:00,2026-07-31 21:00:00,C_83fad0ce8d09,ACTIVE,true,9
CON_c52df8db82af,null,2025-08-11 00:00:00,null,C_d97eee243c16,SUSPENDED,false,null
CON_f4df60e9da41,null,2025-08-01 00:00:00,2026-07-31 21:00:00,C_98a2db58f3b8,ACTIVE,true,15
CON_be7f305f049a,null,2025-08-12 00:00:00,null,C_1a4049faf3d5,SUSPENDED,false,null
CON_1961d3ee9d7e,null,2025-08-12 00:00:00,null,C_992683044ae7,SUSPENDED,false,null
CON_34bce1931e44,null,2025-08-12 00:00:00,null,C_b443d3e134df,SUSPENDED,false,null
CON_e0bf71cd34e5,null,2025-08-13 00:00:00,null,C_403d818a3dfd,SUSPENDED,false,null
CON_4477752b8281,null,2025-08-15 00:00:00,null,C_0922a3c1165c,SUSPENDED,false,null
CON_c254773c6ab2,null,2025-08-07 00:00:00,null,C_c0238f1b43b5,SUSPENDED,false,null
CON_1b47daa70536,null,2025-08-16 00:00:00,null,C_9f0bcee2e349,SUSPENDED,false,null
CON_ac4f5058af6c,null,2025-08-19 00:00:00,null,C_4c906baecd31,SUSPENDED,false,null
CON_8e6227df27d7,null,2025-08-19 00:00:00,null,C_58decca77756,SUSPENDED,false,null
CON_a259a6443eb3,null,2025-08-20 00:00:00,null,C_0492163c339c,SUSPENDED,false,null
CON_1b08cd87abbd,null,2025-08-20 00:00:00,null,C_f4a77d4181de,SUSPENDED,false,null
CON_423a5b3f5dd7,null,2025-08-20 00:00:00,null,C_78714c928bc7,SUSPENDED,false,null
CON_ccbd66f1eae8,null,2025-08-22 00:00:00,null,C_0ea5ef2bb544,SUSPENDED,false,null
CON_a8be278e7f08,null,2025-08-22 00:00:00,null,C_f0b04122cf5e,SUSPENDED,false,null
CON_bcec87a2300a,null,2025-08-23 00:00:00,null,C_a7f16959a6ce,SUSPENDED,false,null
CON_189560b5c517,null,2025-08-23 00:00:00,null,C_bb756dca9dc3,SUSPENDED,false,null
CON_c9f952c1ad6e,null,2025-08-26 00:00:00,null,C_eef886522e0d,SUSPENDED,false,null
CON_9cbc58ba6a2b,null,2025-09-02 00:00:00,2026-08-31 00:00:00,C_33a29351021c,ACTIVE,true,14
CON_bbd8cd9ec90a,null,2025-08-27 00:00:00,null,C_78f62290a461,SUSPENDED,false,null
CON_a864f9ff63ab,null,2025-08-27 00:00:00,null,C_c98226becf1e,SUSPENDED,false,null
CON_477d54f71ee8,2026-02-23 23:59:59.999,2025-10-01 00:00:00,2026-09-30 21:00:00,C_0a0421c61d2a,ACTIVE,true,33
CON_13859aa48806,null,2025-08-28 00:00:00,null,C_542213c6ba13,SUSPENDED,false,null
CON_734a6d23411d,null,2025-08-29 00:00:00,null,C_19c4024f4ce3,SUSPENDED,false,null
CON_2ccab1c804c5,null,2025-08-29 00:00:00,null,C_d615623836c3,SUSPENDED,false,null
CON_1baea4ecaa31,null,2025-08-30 00:00:00,null,C_33330caee3c7,SUSPENDED,false,null
CON_63d0372d2f00,null,2025-08-31 00:00:00,null,C_d1196e7733f7,SUSPENDED,false,null
CON_16c9756cfcbd,null,2025-09-02 00:00:00,null,C_77a79dcd99b6,SUSPENDED,false,null
CON_7e4d17dbf1c5,null,2025-09-02 00:00:00,null,C_79302b6f83d2,SUSPENDED,false,null
CON_0802e132fa9f,null,2025-09-02 00:00:00,null,C_99c7db9e63c1,SUSPENDED,false,null
CON_7a8e9297f521,null,2025-09-02 00:00:00,null,C_2b7cbd9e6ce7,SUSPENDED,false,null
CON_da6b7f9cb1ad,null,2025-09-03 00:00:00,null,C_fb6c3c864272,SUSPENDED,false,null
CON_e0a6298d8279,null,2025-08-26 00:00:00,null,C_58decca77756,ACTIVE,false,null
CON_7f021b03f105,null,2025-09-04 00:00:00,null,C_1d574895a2c8,SUSPENDED,false,null
CON_0a58631b70c9,null,2025-09-05 00:00:00,null,C_775e7a06d1fd,SUSPENDED,false,null
CON_f67ecb4f7098,null,2025-09-06 00:00:00,null,C_118cca37afad,ACTIVE,false,null
CON_d7bf462ae019,null,2025-08-29 00:00:00,2025-08-31 23:59:59.999,C_9f0bcee2e349,EXPIRED,false,null
CON_915daea95015,null,2025-09-07 00:00:00,null,C_0df037a01422,SUSPENDED,false,null
CON_0527c6901db0,null,2025-09-08 00:00:00,null,C_431f4cc92f0d,SUSPENDED,false,null
CON_ce03cd4debb9,null,2025-09-08 00:00:00,null,C_5517c82b3142,SUSPENDED,false,null
CON_c474f1c0412c,null,2025-09-08 00:00:00,null,C_ac6d7c1c3fd9,SUSPENDED,false,null
CON_80cedf63b553,2025-10-30 23:59:59.999,2025-09-01 00:00:00,2026-07-31 19:59:59.999,C_9f0bcee2e349,ACTIVE,false,null
CON_04c2165b193f,null,2025-09-11 00:00:00,null,C_6e276804b334,SUSPENDED,false,null
CON_e3d3123dea10,null,2025-09-12 00:00:00,null,C_c25a71f3dad3,SUSPENDED,false,null
CON_357f7b73c437,null,2025-09-12 00:00:00,null,C_c05dd61aacd3,SUSPENDED,false,null
CON_9b48c0539f54,null,2025-09-13 00:00:00,null,C_d59362168d68,SUSPENDED,false,null
CON_9993e464ea8f,null,2025-09-14 00:00:00,null,C_60373984b59a,SUSPENDED,false,null
CON_0f18ce58edcf,null,2025-09-15 00:00:00,null,C_2b1e9c561dc1,SUSPENDED,false,null
CON_608f0b38c08f,null,2025-09-15 00:00:00,null,C_68d7509839d7,SUSPENDED,false,null
CON_7bf664bf8dd7,null,2025-09-16 00:00:00,null,C_1de17dcff23f,SUSPENDED,false,null
CON_d3ba98d594df,null,2025-09-16 00:00:00,null,C_1d49280e4caa,SUSPENDED,false,null
CON_ad813621d194,null,2025-09-17 00:00:00,null,C_ee05154febc1,SUSPENDED,false,null
CON_a5f20f5f1c67,null,2025-09-17 00:00:00,null,C_f7baafbe1d08,SUSPENDED,false,null
CON_260f46789330,null,2025-09-18 00:00:00,null,C_6954cb435d0f,SUSPENDED,false,null
CON_13c11e82d3d7,null,2025-09-18 00:00:00,null,C_24da86624033,SUSPENDED,false,null
CON_b1ea1d002ec6,null,2025-09-19 00:00:00,null,C_3222707d6097,SUSPENDED,false,null
CON_5d292262d0f7,null,2025-09-21 00:00:00,null,C_3aba38b4a09d,SUSPENDED,false,null
CON_c26811af37ef,null,2025-09-22 00:00:00,null,C_c1bb65dc5812,SUSPENDED,false,null
CON_9544b8eb8ad0,null,2025-10-01 00:00:00,2026-09-30 00:00:00,C_33330caee3c7,SUSPENDED,true,8
CON_fc6d450f14f9,null,2025-09-23 00:00:00,null,C_1f9015239a06,SUSPENDED,false,null
CON_ce9dd7810a15,null,2025-09-24 00:00:00,null,C_38e28368a6da,SUSPENDED,false,null
CON_1278df9aa227,null,2025-09-24 00:00:00,null,C_cb3a5341e2ad,SUSPENDED,false,null
CON_430139ee7746,2025-09-23 23:59:59.999,2025-09-16 00:00:00,2025-10-23 23:59:59.999,C_c05dd61aacd3,EXPIRED,false,null
CON_ae9f11563631,null,2025-09-24 00:00:00,null,C_4170a77aeec2,SUSPENDED,false,null
CON_d6f61ca71211,null,2025-09-24 00:00:00,null,C_0bc87b4d843e,SUSPENDED,false,null
CON_0b6688d8a6ed,null,2025-09-24 00:00:00,null,C_5eb8e0b7faba,SUSPENDED,false,null
CON_05d08e529139,null,2025-09-26 00:00:00,null,C_49aa79def09f,SUSPENDED,false,null
CON_3b5367ce4b8d,null,2025-09-26 00:00:00,null,C_9177107e8f74,SUSPENDED,false,null
CON_66527cfa4b58,null,2025-09-26 00:00:00,null,C_bf3e97634c71,SUSPENDED,false,null
CON_a84f0c442fd5,null,2025-09-26 00:00:00,null,C_9ff5b1c624d6,SUSPENDED,false,null
CON_935938997c26,null,2025-09-27 00:00:00,null,C_451cd1ad0f56,SUSPENDED,false,null
CON_6a1fa32527b3,null,2025-09-27 00:00:00,null,C_0c3d7d3bb9ac,SUSPENDED,false,null
CON_8ce0729c3203,null,2025-09-28 00:00:00,null,C_f8d7a35030ce,SUSPENDED,false,null
CON_1180a7728e59,null,2025-09-29 00:00:00,null,C_dd7d40c5d42f,SUSPENDED,false,null
CON_1a6da9699abe,null,2025-09-30 00:00:00,null,C_4cafd8d849c2,SUSPENDED,false,null
CON_d15ec0d6f841,null,2025-09-30 00:00:00,null,C_24947c79b3c4,SUSPENDED,false,null
CON_2d87169ba265,null,2025-09-30 00:00:00,null,C_990baa1cd810,SUSPENDED,false,null
CON_5c61d57f7cae,null,2025-10-01 00:00:00,null,C_4dbc1a58fb30,SUSPENDED,false,null
CON_80579ede71a9,null,2025-10-01 00:00:00,null,C_041f376308e3,SUSPENDED,false,null
CON_90f9580729a7,null,2025-09-01 00:00:00,2025-06-30 00:00:00,C_cb8d04e916c0,EXPIRED,true,5
CON_c494b64be0df,null,2025-10-02 00:00:00,2026-10-02 23:59:59.999,C_5f7019a11ce7,SUSPENDED,false,null
CON_b654ca6eba16,null,2025-10-01 00:00:00,2026-09-30 21:00:00,C_c4540da580d1,ACTIVE,true,15
CON_62e75a8451ae,null,2025-10-02 00:00:00,null,C_f77883a8e27e,SUSPENDED,false,null
CON_9759196f9fa6,null,2025-10-01 00:00:00,2026-09-30 21:00:00,C_596fdca2cd98,ACTIVE,true,6
CON_68848b3c27e8,null,2025-10-02 00:00:00,null,C_c2c3839c5c45,SUSPENDED,false,null
CON_f50e550bb5df,null,2025-10-03 00:00:00,null,C_49670fd022a2,SUSPENDED,false,null
CON_5fd1613aae02,null,2025-10-06 00:00:00,null,C_b0cbc086b9a8,SUSPENDED,false,null
CON_d37a2c3c1c7c,null,2025-10-06 00:00:00,null,C_6787d18725cc,SUSPENDED,false,null
CON_5e5bea8f1b6d,null,2025-10-06 00:00:00,null,C_0e44891f82cb,SUSPENDED,false,null
CON_f73e23e91b59,null,2025-10-07 00:00:00,null,C_adccdc9c504c,SUSPENDED,false,null
CON_b027d0efcba5,null,2025-10-07 00:00:00,null,C_8a30329700a1,SUSPENDED,false,null
CON_932903640b8f,null,2025-09-29 00:00:00,null,C_cb8d04e916c0,ACTIVE,false,null
CON_7f50cc06eac5,null,2025-10-07 00:00:00,null,C_34cc34f3ab40,SUSPENDED,false,null
CON_9948e526d736,null,2025-10-09 00:00:00,null,C_a1438868292d,SUSPENDED,false,null
CON_3c2220898a79,null,2025-10-09 00:00:00,null,C_8ea5c910e74b,SUSPENDED,false,null
CON_4c071bf87765,null,2025-10-09 00:00:00,null,C_31b4391a712e,TERMINATED,false,null
CON_ec304fb82f3e,null,2025-10-09 00:00:00,null,C_6734aefe28ac,SUSPENDED,false,null
CON_a427d30d40cd,null,2025-10-09 00:00:00,null,C_79b34d3d1394,SUSPENDED,false,null
CON_c6d633e84558,null,2025-10-10 00:00:00,null,C_40037a8b9505,SUSPENDED,false,null
CON_637e78c9ca5b,null,2025-10-11 00:00:00,null,C_e0ab01fa3d17,SUSPENDED,false,null
CON_6fa0bd8e4f59,null,2025-10-11 00:00:00,null,C_b2304c86c7fe,SUSPENDED,false,null
CON_37743eecd574,null,2025-10-12 00:00:00,null,C_c64ec94066cf,SUSPENDED,false,null
CON_e3e1d3296de3,null,2025-10-12 00:00:00,null,C_a9bd6c414129,SUSPENDED,false,null
CON_d2922500a063,null,2025-10-13 00:00:00,null,C_42cf0ed13a29,SUSPENDED,false,null
CON_4a74e6dac5ae,null,2025-10-01 00:00:00,2026-09-30 19:00:00,C_cb3a5341e2ad,ACTIVE,true,17
CON_75246147b192,null,2025-10-15 00:00:00,null,C_51e7e4a9a141,SUSPENDED,false,null
CON_f079065beb10,null,2025-10-16 00:00:00,null,C_7ee162828a51,SUSPENDED,false,null
CON_1554147595ac,null,2025-10-16 00:00:00,null,C_b8dd17ea63f8,SUSPENDED,false,null
CON_95a4495f3dfe,null,2025-10-17 00:00:00,null,C_b9cf164a690d,SUSPENDED,false,null
CON_ce74207828bc,null,2025-10-09 00:00:00,null,C_57acfc538725,TERMINATED,false,null
CON_9430f2a596e2,null,2025-10-01 00:00:00,2026-09-30 20:00:00,C_31b4391a712e,ACTIVE,true,8
CON_24f0da7d718c,null,2025-10-19 00:00:00,null,C_ab2eca30f86c,SUSPENDED,false,null
CON_164cf5505623,null,2025-10-01 00:00:00,2026-09-30 00:00:00,C_33330caee3c7,ACTIVE,true,8
CON_ba36a2a2d5d4,null,2025-10-22 00:00:00,null,C_bbeff8ab45de,SUSPENDED,false,null
CON_2b864e4f5b87,null,2025-10-22 00:00:00,null,C_baa24af58da5,SUSPENDED,false,null
CON_d1b2ebb04a27,null,2025-10-22 00:00:00,null,C_65218985da64,SUSPENDED,false,null
CON_db6700703783,null,2025-10-01 00:00:00,2026-09-30 19:00:00,C_57acfc538725,ACTIVE,true,15
CON_1bf82410b99b,null,2025-10-24 00:00:00,null,C_cac45cb3c7ca,SUSPENDED,false,null
CON_b39be865d760,null,2025-10-24 00:00:00,null,C_f8f45b748bef,SUSPENDED,false,null
CON_5c2ec290aaba,null,2025-10-24 00:00:00,null,C_e68b18207aba,SUSPENDED,false,null
CON_4395743c420b,null,2025-10-25 00:00:00,null,C_111a2d944cd0,SUSPENDED,false,null
CON_a1dbf6285475,null,2025-10-26 00:00:00,null,C_e1b66127847d,SUSPENDED,false,null
CON_81fea3f4e9a7,null,2025-10-26 00:00:00,null,C_53d8df8e1527,SUSPENDED,false,null
CON_8aab2c41684e,null,2025-10-28 00:00:00,null,C_4c8e5c84e1e4,SUSPENDED,false,null
CON_0e8078f450b0,null,2025-10-28 00:00:00,null,C_94966eb764eb,ACTIVE,false,null
CON_dfd15ace79f5,null,2025-10-28 00:00:00,null,C_8b912d356be6,SUSPENDED,false,null
CON_e56043fd78cf,null,2025-10-30 00:00:00,null,C_497b3c3b88a2,SUSPENDED,false,null
CON_cbbdc06bd920,null,2025-10-30 00:00:00,null,C_ae7bf4d341f0,SUSPENDED,false,null
CON_32e98c0a028c,null,2025-10-30 00:00:00,null,C_fea1580342f8,SUSPENDED,false,null
CON_b714759914aa,null,2025-10-31 00:00:00,null,C_166a298a4ae9,SUSPENDED,false,null
CON_a06f457633fb,null,2025-10-31 00:00:00,null,C_bf8a19da74a0,SUSPENDED,false,null
CON_20ca7cd4e8eb,null,2025-11-01 00:00:00,null,C_c238697a4694,SUSPENDED,false,null
CON_ece1b66504a3,null,2025-11-02 00:00:00,null,C_db4909cde40d,SUSPENDED,false,null
CON_392bba625232,null,2025-11-03 00:00:00,null,C_1f9d697e8ed8,SUSPENDED,false,null
CON_f49141bbab44,null,2025-10-27 00:00:00,null,C_7ee162828a51,ACTIVE,false,null
CON_f9c5d3c7c5dc,null,2025-11-05 00:00:00,null,C_10e60ad3152f,SUSPENDED,false,null
CON_ed4e4ff2f87f,null,2025-11-05 00:00:00,null,C_ef252593d29b,SUSPENDED,false,null
CON_7a79f2311acc,null,2025-11-05 00:00:00,null,C_fdfca1baf259,SUSPENDED,false,null
CON_1ebe498ec7f4,null,2025-11-05 00:00:00,null,C_b32a6891e36e,SUSPENDED,false,null
CON_4919d4c1d773,null,2025-11-06 00:00:00,null,C_d2a0a8c15424,SUSPENDED,false,null
CON_27d2f3564ec3,null,2025-11-06 00:00:00,null,C_eb082bb87b52,SUSPENDED,false,null
CON_b5fc1ccd6088,null,2025-11-07 00:00:00,null,C_8bb14f1293c1,SUSPENDED,false,null
CON_ea5e468e25a5,null,2025-11-08 00:00:00,null,C_4d655a77b21d,ACTIVE,false,null
CON_666ff1096dc2,null,2025-11-08 00:00:00,null,C_b13ce887e239,SUSPENDED,false,null
CON_8525428577cd,null,2025-11-10 00:00:00,null,C_fdb99f79e90f,SUSPENDED,false,null
CON_9fd3de48db26,null,2025-11-11 00:00:00,null,C_aca6c2e0a20a,SUSPENDED,false,null
CON_56f9a9bd4989,null,2025-11-11 00:00:00,null,C_357d93d30272,SUSPENDED,false,null
CON_d9fa85c0443f,null,2025-11-12 00:00:00,null,C_8d1f663468c7,SUSPENDED,false,null
CON_a98beb8af0f1,null,2025-11-01 01:00:00,2026-10-31 20:59:59.999,C_c05dd61aacd3,ACTIVE,false,null
CON_d6f7670c94c0,null,2025-11-13 00:00:00,null,C_c1c62b95bb39,SUSPENDED,false,null
CON_126762cb24b9,null,2025-11-14 00:00:00,null,C_3dc56a877fe9,SUSPENDED,false,null
CON_479220ba7d08,null,2025-11-01 00:00:00,2026-10-31 20:00:00,C_ad4d13dc49f0,ACTIVE,true,10
CON_38cc4b7de44a,null,2025-11-15 00:00:00,null,C_ce7c0ee4412c,SUSPENDED,false,null
CON_c3a7fccb3335,null,2025-11-01 00:00:00,2026-10-31 00:00:00,C_496b031de967,ACTIVE,true,5
CON_246c4047ffac,null,2025-11-16 00:00:00,null,C_a31caaee0865,SUSPENDED,false,null
CON_28162e900065,null,2025-11-17 00:00:00,null,C_6ca77a089fb5,SUSPENDED,false,null
CON_6799c32e8add,null,2025-11-17 00:00:00,null,C_b8e2815c58b7,SUSPENDED,false,null
CON_d955bc7a8794,null,2025-11-18 00:00:00,null,C_96b65f144290,SUSPENDED,false,null
CON_caa324226fb5,null,2025-11-01 02:00:00,null,C_56e0b9b1f5d9,ACTIVE,false,null
CON_a0186a5be74b,null,2026-01-01 00:00:00,2026-12-31 00:00:00,C_811a8a5e87c5,ACTIVE,true,20
CON_4d0cbf621f74,null,2026-01-01 00:00:00,2026-12-31 20:00:00,C_edddfbf6cf74,ACTIVE,true,18
CON_3d233a87e641,null,2025-11-19 00:00:00,null,C_f9218c2f1644,SUSPENDED,false,null
CON_6c80cef4605c,null,2025-11-19 00:00:00,null,C_b951aef9a0d7,SUSPENDED,false,null
CON_a16dcb00ae3b,null,2025-11-12 00:00:00,null,C_a9bd6c414129,ACTIVE,false,null
CON_22ddea4456d5,null,2025-11-01 00:00:00,2026-10-31 00:00:00,C_9fa95fbcc775,ACTIVE,true,2
CON_0755fa00d4aa,null,2025-11-20 00:00:00,null,C_583940248eb8,SUSPENDED,false,null
CON_db73276d4450,null,2025-11-01 00:00:00,2026-10-31 00:00:00,C_8bb14f1293c1,ACTIVE,true,25
CON_ee5078016a59,null,2025-11-21 00:00:00,null,C_6dbfae541c79,SUSPENDED,false,null
CON_1550cf4101bf,null,2025-11-21 00:00:00,null,C_1bc5ece5018a,SUSPENDED,false,null
CON_36f173531b78,null,2025-11-21 00:00:00,null,C_50909d5c8ce6,SUSPENDED,false,null
CON_4813f50331bd,null,2025-11-22 00:00:00,null,C_a826b744b51c,SUSPENDED,false,null
CON_5f9ecb2843b8,null,2025-11-22 00:00:00,null,C_056c297b0881,SUSPENDED,false,null
CON_a6c139031062,null,2025-11-23 00:00:00,null,C_6fe4744bc0a4,SUSPENDED,false,null
CON_6a28a1a14517,null,2025-11-24 00:00:00,null,C_112cdbcc3eca,SUSPENDED,false,null
CON_c75fd5562d0d,null,2025-11-25 00:00:00,null,C_f32aa866d75a,SUSPENDED,false,null
CON_62a7337ae37d,null,2025-12-01 00:00:00,null,C_8ab4a9125526,ACTIVE,false,0
CON_d7a850061062,null,2025-11-26 00:00:00,null,C_30b234ea93ed,SUSPENDED,false,null
CON_94e8346b5285,null,2025-11-26 00:00:00,null,C_82efd4d38242,SUSPENDED,false,null
CON_fcf6659fa7a6,null,2025-11-27 00:00:00,null,C_8f66d7ab81c8,SUSPENDED,false,null
CON_0fe86ff6e345,null,2025-11-27 00:00:00,null,C_efebff7b6ba1,SUSPENDED,false,null
CON_8fb5bb3a1da0,null,2025-11-27 00:00:00,null,C_450823561245,SUSPENDED,false,null
CON_f2a8eb4d0176,null,2025-11-28 00:00:00,null,C_eadc18e82c5b,SUSPENDED,false,null
CON_89f9a9ba663f,null,2025-11-28 00:00:00,null,C_8c0512c55edf,SUSPENDED,false,null
CON_75a8ca95f8b3,null,2025-11-28 00:00:00,null,C_da7529e6973f,SUSPENDED,false,null
CON_1a34087c9a97,null,2025-11-28 00:00:00,null,C_2125645f1a09,SUSPENDED,false,null
CON_ba8a80b3ce8a,null,2025-11-29 00:00:00,null,C_14a1c83183eb,SUSPENDED,false,null
CON_c82b5031a387,null,2025-11-29 00:00:00,null,C_e5173cf7ab3a,SUSPENDED,false,null
CON_7bf787586110,null,2025-11-29 00:00:00,null,C_96ad8922f7f3,SUSPENDED,false,null
CON_1bcc7978021c,null,2025-11-29 00:00:00,null,C_1c92133a4593,SUSPENDED,false,null
CON_c6051b9443f5,null,2025-12-01 00:00:00,null,C_f03df8a9e1a8,SUSPENDED,false,null
CON_f093eeb1ed5b,null,2025-12-02 00:00:00,null,C_7db85637bc72,SUSPENDED,false,null
CON_4b2e3d292562,null,2025-12-02 00:00:00,null,C_847ced66dcdc,SUSPENDED,false,null
CON_505ca16884ee,null,2025-12-02 00:00:00,null,C_de32c45735b7,SUSPENDED,false,null
CON_af6415e8df12,null,2025-12-02 00:00:00,null,C_9df7a723a2ac,SUSPENDED,false,null
CON_065e5aabb57c,null,2025-12-02 00:00:00,null,C_cfb507b53d2c,SUSPENDED,false,null
CON_b267cf6a1c70,null,2026-01-01 00:00:00,null,C_32a5d9cd8997,ACTIVE,false,null
CON_cb7a22fa200e,null,2026-01-01 00:00:00,2026-12-31 20:00:00,C_b659e12972b7,ACTIVE,true,170
CON_e10faae9c540,null,2026-01-27 00:00:00,null,C_db485fc29389,SUSPENDED,false,null
CON_faff616a260d,null,2025-12-19 00:00:00,null,C_a4902a53d026,SUSPENDED,false,null
CON_d0c89fc4aa92,null,2025-12-19 00:00:00,null,C_5be64f55d301,SUSPENDED,false,null
CON_3b1f5aca4715,null,2025-12-20 00:00:00,null,C_0f4c91858b1f,SUSPENDED,false,null
CON_bf4247bbc67c,null,2025-12-24 00:00:00,null,C_2fb6e236d30a,SUSPENDED,false,null
CON_8790749604ec,null,2025-12-25 00:00:00,null,C_80f3e9cf1040,SUSPENDED,false,null
CON_b206527cdfbd,null,2025-12-01 00:00:00,2026-11-30 20:00:00,C_14a1c83183eb,ACTIVE,true,1
CON_a62088bd0d9e,null,2026-01-01 00:00:00,null,C_d7da5a5059b7,SUSPENDED,false,null
CON_43fba5e861b7,null,2025-12-26 00:00:00,null,C_de32c45735b7,ACTIVE,false,null
CON_88f707909dbd,null,2026-01-06 00:00:00,null,C_1a5e4035b242,SUSPENDED,false,null
CON_cd2cfa8f005e,null,2026-01-14 00:00:00,null,C_d7dc7f108df6,SUSPENDED,false,null
CON_6f95e02fe0c6,null,2026-01-01 00:00:00,2026-12-31 00:00:00,C_83cfe8e40e85,ACTIVE,true,18
CON_f63aeb1da6b5,null,2026-03-01 00:00:00,2027-02-27 23:59:59.999,C_e45464b21247,ACTIVE,true,25
CON_d31f99e596b8,null,2026-01-18 00:00:00,null,C_ead3542c8a1e,ACTIVE,false,null
CON_fe3c10c1e4bc,null,2026-04-01 00:00:00,2027-03-31 00:00:00,C_fb60520cf036,ACTIVE,true,8
CON_53edffd912eb,null,2026-03-01 00:00:00,2027-02-28 00:00:00,C_7c2268eb6c42,ACTIVE,true,4
CON_423c78113f0a,null,2026-03-01 00:00:00,2027-02-27 23:59:59.999,C_fa3d67ac4eac,ACTIVE,true,36
CON_3011a6939ccf,null,2026-01-23 00:00:00,null,C_6425e2fbfaad,SUSPENDED,false,null
CON_08678d308d48,null,2026-02-01 00:00:00,2027-01-31 22:00:00,C_521e13132853,ACTIVE,true,18
CON_851272244c70,null,2026-02-01 00:00:00,2027-01-30 23:59:59.999,C_f86f77a40ecd,ACTIVE,true,25
CON_771a44321885,null,2026-01-01 00:00:00,null,C_eb5e7d8cea49,SUSPENDED,false,null
CON_b6528bea9f52,null,2026-01-01 00:00:00,2026-12-31 22:00:00,C_7e49a62fdfff,ACTIVE,true,16
CON_7c506769192a,null,2026-01-01 01:00:00,2026-04-30 20:00:00,C_dd7065b0c9e9,EXPIRED,true,101
CON_4397aab4a59b,null,2026-01-27 00:00:00,null,C_abd641722c68,SUSPENDED,false,null
CON_83b192abe971,null,2026-01-01 00:00:00,2026-12-31 00:00:00,C_d7dc7f108df6,ACTIVE,true,89
CON_63b48c25d5de,null,2026-01-01 00:00:00,2026-02-28 00:00:00,C_6425e2fbfaad,EXPIRED,true,6
CON_798ade4c5f49,null,2026-04-01 00:00:00,2027-03-31 00:00:00,C_46d814b5a375,ACTIVE,true,9
CON_6e60e5c8fc07,null,2026-02-03 00:00:00,null,C_c3c2d6346906,SUSPENDED,false,null
CON_4ff36b4cd0b7,null,2026-02-04 00:00:00,null,C_60b104cdff2b,SUSPENDED,false,null
CON_a09e5c3349c3,null,2026-02-07 00:00:00,null,C_7bd34ad4f6e2,SUSPENDED,false,null
CON_be44807e0e36,null,2026-01-01 00:00:00,2026-12-31 20:00:00,C_db485fc29389,ACTIVE,true,50
CON_2ac690082c5f,null,2026-02-01 00:00:00,2027-01-31 00:00:00,C_86e6dd3c8be2,ACTIVE,true,8
CON_5776a94d5a78,null,2026-02-01 00:00:00,2027-01-31 00:00:00,C_15e105dfb1dd,ACTIVE,true,25
CON_927494a9c254,null,2026-02-10 00:00:00,null,C_82d5b9b0ca4c,SUSPENDED,false,null
CON_826436ce31a8,null,2026-02-11 00:00:00,null,C_d354e35ca5aa,SUSPENDED,false,null
CON_83f2c9eb8a38,null,2025-02-01 00:00:00,2026-01-31 22:00:00,C_a2c87a68bfa1,EXPIRED,false,null
CON_d94ea54e5165,null,2026-02-13 00:00:00,null,C_9fe931b59b5e,SUSPENDED,false,null
CON_a6b20b60222f,null,2026-02-13 00:00:00,null,C_91a5c577a568,SUSPENDED,false,null
CON_7c2b41b24a6c,null,2026-02-14 00:00:00,null,C_cdeae5959043,SUSPENDED,false,null
CON_6d633f85ce92,null,2026-02-18 00:00:00,null,C_72527b81947b,SUSPENDED,false,null
CON_35771b8d59e1,null,2026-02-14 00:00:00,null,C_1adda2468d9f,SUSPENDED,false,null
CON_81eb88e74901,null,2026-03-01 00:00:00,2027-02-28 20:00:00,C_5199a6170070,ACTIVE,true,15
CON_4c5d8f178a20,null,2026-04-01 00:00:00,2027-03-31 19:59:59.999,C_904977269f74,ACTIVE,true,22
CON_f8b31e0c9d94,null,2026-02-19 00:00:00,null,C_00c477a8cc71,SUSPENDED,false,null
CON_cee4af093606,null,2026-02-11 00:00:00,null,C_2ea874824649,ACTIVE,false,null
CON_b17f0c5e014f,null,2026-02-20 00:00:00,null,C_c59f3806b3cb,SUSPENDED,false,null
CON_b497ff4aa597,null,2026-02-20 00:00:00,null,C_22e041e746e2,SUSPENDED,false,null
CON_52a8778f20e9,null,2026-02-23 00:00:00,null,C_a8f87553e7a8,SUSPENDED,false,null
CON_0604272bfc3d,null,2026-01-01 00:00:00,2026-12-31 20:00:00,C_6dbfae541c79,ACTIVE,true,3
CON_82d1494cdc48,null,2026-01-01 00:00:00,2026-12-31 20:00:00,C_eb5e7d8cea49,ACTIVE,true,1
CON_a0118ca54114,null,2026-02-24 00:00:00,null,C_d48d56d16fa1,SUSPENDED,false,null
CON_896fda69be30,null,2025-02-01 00:00:00,2026-01-31 22:00:00,C_a2c87a68bfa1,EXPIRED,false,null
CON_b62f88d5780d,null,2026-02-27 00:00:00,null,C_8b4dbeb45293,SUSPENDED,false,null
CON_7378156f0fce,null,2026-02-01 00:00:00,2027-01-31 21:59:59.999,C_a2c87a68bfa1,ACTIVE,true,10
CON_530e1f69209e,null,2026-02-28 00:00:00,null,C_fb3cd5d06376,SUSPENDED,false,null
CON_8e01c89cae6a,null,2026-03-02 00:00:00,null,C_21734d40d7da,ACTIVE,false,null
CON_e79509c5e875,null,2026-03-03 00:00:00,null,C_479b625b1bb5,ACTIVE,false,null
CON_1e6ce1c3bced,null,2026-03-01 00:00:00,2027-02-28 20:00:00,C_ca3f83668896,ACTIVE,true,17
CON_e6ead4cb3e7d,null,2026-03-03 00:00:00,null,C_82d82e50ffda,SUSPENDED,false,null
CON_1da9cd81856d,null,2026-03-31 23:00:00,2027-03-30 23:00:00,C_1e37d3758775,ACTIVE,true,5
CON_1445089ceb59,null,2026-03-05 00:00:00,null,C_5987be55c522,SUSPENDED,false,null
CON_d8e7b8dcad98,null,2026-03-05 00:00:00,null,C_11d5c9e718db,SUSPENDED,false,null
CON_aacb0daf7dfb,null,2026-03-06 09:00:00,null,C_29c1be9fee26,SUSPENDED,true,20
CON_209f4df79fe1,null,2026-03-06 00:00:00,null,C_f248bede29e2,SUSPENDED,false,null
CON_6c66810ce5aa,null,2026-04-01 00:00:00,2027-03-31 00:00:00,C_47b2e15eb70f,ACTIVE,true,13
CON_a7524a252a1f,null,2026-04-01 00:00:00,2027-03-31 00:00:00,C_4a1ac8b0a1b1,ACTIVE,true,32
CON_212fea10f819,null,2026-04-01 00:00:00,2027-03-30 23:59:59.999,C_5c53d6f828d5,ACTIVE,true,5
CON_8842aaca0c67,null,2026-03-06 00:00:00,null,C_a2d5d3b4a8a9,SUSPENDED,false,null
CON_a78bf60c9560,null,2026-03-10 00:00:00,null,C_abde3cca160a,SUSPENDED,false,null
CON_f31f77c090fc,null,2026-03-01 00:00:00,2027-02-27 23:00:00,C_8b4dbeb45293,ACTIVE,true,85
CON_6dc986a53a42,null,2026-04-01 00:00:00,2027-03-31 21:00:00,C_e268b2c34ab0,ACTIVE,true,53
CON_6260bf601efc,null,2026-04-01 00:00:00,2027-03-31 21:59:59.999,C_5d6a3c9c46f5,ACTIVE,true,25
CON_6cb4105219c1,null,2026-03-01 00:00:00,null,C_1f7e6590a1a2,ACTIVE,false,null
CON_f1806fee4d88,null,2026-03-18 00:00:00,null,C_6b8e4a0ff99f,SUSPENDED,false,null
CON_97fc5b6522a7,null,2026-03-18 00:00:00,null,C_b7508e9a166f,SUSPENDED,false,null
CON_a53910ad04d4,null,2026-03-19 00:00:00,null,C_a614c8a68c2e,SUSPENDED,false,null
CON_d7f382b4f192,null,2026-03-20 00:00:00,null,C_0f19951828e0,SUSPENDED,false,null
CON_331ffbc39248,null,2026-03-20 00:00:00,null,C_54ab9cc89551,SUSPENDED,false,null
CON_d756c6eae929,null,2026-03-21 00:00:00,null,C_0c2b3913a6e5,SUSPENDED,false,null
CON_78ffa7b46239,null,2026-03-24 00:00:00,null,C_61276d41e6ad,SUSPENDED,false,null
CON_81bccd95a4ee,null,2026-03-24 00:00:00,null,C_da2eb2b6bb15,SUSPENDED,false,null
CON_da29fafc6f9b,null,2026-03-26 00:00:00,null,C_ca5880e3ffcb,SUSPENDED,false,null
CON_3b8e3ee3b086,null,2026-03-27 00:00:00,null,C_1b3d2e278253,SUSPENDED,false,null
CON_807a761abbf8,null,2026-03-27 00:00:00,null,C_186cdcc03a24,SUSPENDED,false,null
CON_42fa564cba37,null,2026-03-28 00:00:00,null,C_c43534565399,SUSPENDED,false,null
CON_9c01efe3119c,null,2026-03-28 00:00:00,null,C_f096079f1970,SUSPENDED,false,null
CON_5f045e1d79a6,null,2026-03-31 00:00:00,null,C_bcc3f078c4d1,SUSPENDED,false,null
CON_8d9257e930a7,null,2026-04-01 00:00:00,null,C_7ed8f537ee68,SUSPENDED,false,null
CON_03fad1d4f62d,null,2026-04-01 00:00:00,null,C_305c6916fc2d,SUSPENDED,false,null
CON_a36ab8b35a81,null,2026-04-01 00:00:00,null,C_cc91ae5f7c12,SUSPENDED,false,null
CON_d59a1b6fe339,null,2026-04-02 00:00:00,null,C_f46a34bf14b0,SUSPENDED,false,null
CON_c92fc73065f0,null,2026-04-04 00:00:00,null,C_114112f6dd0e,SUSPENDED,false,null
CON_ab434893a000,null,2026-04-04 00:00:00,null,C_b4e035e5b1a7,SUSPENDED,false,null
CON_908538fdaaac,null,2026-04-07 00:00:00,null,C_c433680f660b,SUSPENDED,false,null
CON_072d2e5d94b6,null,2026-04-07 00:00:00,null,C_1886e5e81228,SUSPENDED,false,null
CON_211243e4bf79,null,2026-04-07 00:00:00,null,C_9cf0740d13fc,SUSPENDED,false,null
CON_c26b8f9d3012,null,2026-04-07 00:00:00,null,C_4e483ce5d93f,SUSPENDED,false,null
CON_8c1f28cc98c8,null,2026-04-08 00:00:00,null,C_9e03eaf0d00d,SUSPENDED,false,null
CON_18765022b4ba,null,2026-04-01 00:00:00,2027-03-31 00:00:00,C_a537a639af02,ACTIVE,true,12
CON_4c15fef7b41d,null,2026-04-08 00:00:00,null,C_f4d714b772fb,SUSPENDED,false,null
CON_53491fff3661,null,2026-04-08 00:00:00,null,C_da71e2b88763,SUSPENDED,false,null
CON_1b2f99d5d818,null,2026-04-08 00:00:00,null,C_183ae2bd1b29,SUSPENDED,false,null
CON_492c1d810ca0,null,2026-04-01 00:00:00,2027-03-30 23:59:59.999,C_8bb2f38e42eb,ACTIVE,true,16
CON_ec947367b01f,null,2026-04-11 00:00:00,null,C_faf760da67e7,SUSPENDED,false,null
CON_f732575057f8,null,2026-04-22 00:00:00,null,C_369945e49cff,SUSPENDED,false,null
CON_7da54871fa12,null,2026-04-23 00:00:00,null,C_59a46ab52210,SUSPENDED,false,null
CON_2fa54d917f6c,null,2026-04-01 00:00:00,2027-03-31 00:00:00,C_e164a919ea28,ACTIVE,true,35
CON_0d7324d870a1,null,2026-04-23 00:00:00,null,C_3b11be841d5c,SUSPENDED,false,null
CON_91e07a671a2d,null,2026-04-01 00:00:00,2027-03-31 00:00:00,C_da71e2b88763,ACTIVE,true,19
CON_d59331a84fa2,null,2026-04-01 00:00:00,2027-03-31 00:00:00,C_114112f6dd0e,ACTIVE,true,20
CON_00f271b3d609,null,2026-04-16 00:00:00,2026-04-30 20:00:00,C_0f19951828e0,EXPIRED,false,null
CON_e2262d41918b,null,2026-04-25 00:00:00,null,C_dbb3f915f473,SUSPENDED,false,null
CON_c7c31b7df5c9,null,2026-04-28 00:00:00,null,C_840e836b13cb,SUSPENDED,false,null
CON_8d0848e58f69,null,2026-04-30 00:00:00,null,C_76b120f0317e,ACTIVE,false,null
CON_0c0e0cb6c703,null,2026-05-02 00:00:00,null,C_ee497ffbb6f4,SUSPENDED,false,null
CON_157acd260e3e,null,2026-05-02 00:00:00,null,C_3c974d765357,SUSPENDED,false,null
CON_6fa7e7f9ca56,null,2026-05-06 00:00:00,null,C_95e63500c2ae,SUSPENDED,false,null
CON_942a6a292bfc,null,2026-04-30 22:00:00,2027-04-30 18:00:00,C_0f19951828e0,ACTIVE,true,10
CON_80289fec4bc1,null,2026-05-07 00:00:00,null,C_09bbcacd93f2,SUSPENDED,false,null
CON_62039bd8407a,null,2026-05-01 00:00:00,2027-05-01 23:59:59.999,C_f0f4a08afe1e,ACTIVE,true,27
CON_757e4a1b391d,null,2026-05-16 00:00:00,null,C_acb4a4801c63,SUSPENDED,false,null
CON_5555979e2a37,null,2026-05-20 00:00:00,2027-05-20 23:59:59.999,C_8de78157c7f6,ACTIVE,true,13
CON_0ae43f079db8,null,2025-05-19 00:00:00,2026-05-19 23:59:59.999,C_8de78157c7f6,EXPIRED,true,13
CON_7df4bb222593,null,2026-05-23 00:00:00,null,C_9d73330ca832,ACTIVE,false,null
CON_6bca390f101d,null,2026-06-01 00:00:00,2027-06-01 23:59:59.999,C_09daf3bd3e48,ACTIVE,true,93
CON_16a683594755,null,2026-06-01 00:00:00,2027-06-01 23:59:59.999,C_5c05115e8ac7,ACTIVE,true,7
CON_6b81ba3e707c,null,2026-06-01 00:00:00,2027-06-01 23:59:59.999,C_34fa5461de4d,ACTIVE,true,20
CON_162a5db8ab6d,null,2026-05-31 00:00:00,2027-05-31 23:59:59.999,C_8be880fd59a3,ACTIVE,true,12
CON_8159baba6da7,null,2026-05-31 00:00:00,2027-05-31 23:59:59.999,C_c8c934012a83,ACTIVE,true,9
CON_488933d40aaa,null,2026-05-29 00:00:00,null,C_9eaa03b8ffe0,SUSPENDED,false,null
CON_1ad05d95c295,null,2026-05-28 00:00:00,null,C_83188b96eba5,SUSPENDED,false,null
CON_9633e197c511,null,2025-06-01 00:00:00,2026-05-31 21:00:00,C_5c05115e8ac7,EXPIRED,true,7
CON_9bd67c124bce,null,2025-06-03 00:00:00,2026-05-30 23:59:59.999,C_c8c934012a83,EXPIRED,true,9
CON_7507d500c17a,null,2025-06-01 00:00:00,2026-05-31 21:00:00,C_09daf3bd3e48,EXPIRED,true,93
CON_d355db881592,null,2025-05-26 00:00:00,2026-05-30 23:59:59.999,C_8be880fd59a3,EXPIRED,true,12
CON_858fd7a2896a,null,2025-06-01 00:00:00,2026-05-31 21:59:00,C_34fa5461de4d,EXPIRED,true,20
CON_666cfd462015,null,2026-06-03 00:00:00,null,C_acb4a4801c63,ACTIVE,false,null
CON_5abe87d34046,null,2026-06-09 00:00:00,null,C_9e880dcac359,SUSPENDED,false,null
CON_88983bf65b5d,null,2026-06-03 00:00:00,null,C_485c80826dc0,SUSPENDED,false,null
CON_edc2de4f24b0,null,2026-06-03 00:00:00,null,C_887586981578,SUSPENDED,false,null
CON_b38417b28496,null,2026-06-01 00:00:00,2027-03-31 00:00:00,C_e164a919ea28,ACTIVE,true,35
CON_4bca95fbf22d,null,2026-06-16 00:00:00,null,C_713ed33429aa,SUSPENDED,false,null
CON_5d3fc1ff422b,null,2026-06-12 00:00:00,null,C_44c839f91aa9,SUSPENDED,false,null
CON_7732efa117ab,null,2026-06-12 00:00:00,null,C_6ecab3a3b120,SUSPENDED,false,null
CON_2eb2bc632fa7,null,2026-06-10 00:00:00,null,C_d90df244da14,SUSPENDED,false,null
CON_07bf77cfd4c7,null,2026-06-10 00:00:00,null,C_723929274eed,SUSPENDED,false,null
CON_4e7c40c6d57d,null,2026-06-19 00:00:00,null,C_3555dd873593,SUSPENDED,false,null
CON_65153d7c138e,2026-05-20 00:00:00,2023-06-11 00:00:00,2026-06-19 23:59:59.999,C_42a752a962e0,EXPIRED,false,null
CON_ee444edc03e1,null,2026-06-24 00:00:00,null,C_9b26a56b7fc6,SUSPENDED,false,null
CON_f6d278e71986,null,2026-06-26 00:00:00,null,C_32d694a113c9,SUSPENDED,false,null
CON_015aecf2e267,2026-05-28 00:00:00,2026-03-04 00:00:00,2026-06-27 23:59:59.999,C_27f883a628af,EXPIRED,false,null
CON_75d8289c3563,null,2026-06-01 00:00:00,2027-05-31 00:00:00,C_44c839f91aa9,ACTIVE,true,10
CON_1cd2721756ab,null,2026-06-01 00:00:00,2027-05-31 00:00:00,C_6ecab3a3b120,ACTIVE,true,24
CON_7c316711152c,null,2026-06-30 23:00:00,null,C_1bc7be849fb2,ACTIVE,true,63
CON_c979eaee435d,null,2025-07-01 00:00:00,2026-06-30 00:00:00,C_dfaf76f7dc51,EXPIRED,false,null
CON_9df4cb37b08a,null,2025-04-13 00:00:00,2026-06-30 00:00:00,C_01abbaec259a,EXPIRED,false,null
CON_41beda1b45eb,null,2023-09-06 00:00:00,2026-06-30 00:00:00,C_58aae47a5773,EXPIRED,false,null
CON_5eb661327dc7,null,2026-07-01 00:00:00,2027-07-01 23:59:59.999,C_c0238f1b43b5,ACTIVE,true,40
CON_15f459e5e3da,null,2026-07-01 00:00:00,2027-07-01 23:59:59.999,C_dfaf76f7dc51,ACTIVE,false,null
CON_9fc4cd02695a,null,2026-07-01 00:00:00,null,C_80e0c66db083,SUSPENDED,false,null
CON_4eafbbbe2730,null,2026-07-01 00:00:00,null,C_6b82508bb727,SUSPENDED,false,null
CON_df1c2ed7cd69,null,2026-03-20 00:00:00,2026-06-30 19:00:00,C_1bc7be849fb2,EXPIRED,false,null
CON_adf26f097a20,null,2025-07-01 00:00:00,2026-06-30 20:00:00,C_c0238f1b43b5,EXPIRED,true,40
CON_02cd6ea8f51b,null,2025-07-06 00:00:00,2026-06-30 21:59:00,C_fed63aad3c56,EXPIRED,false,null
CON_b12703792999,null,2026-08-01 00:00:00,2027-07-31 21:59:59,C_d338ffa6e4b8,PENDING,true,7
CON_6230d0f3e7d4,null,2026-07-07 00:00:00,null,C_947678cae8ea,SUSPENDED,false,null
CON_e078f1e3d1e8,null,2026-07-06 00:00:00,null,C_c05125da4b5b,SUSPENDED,false,null
CON_98865bc7dce4,null,2026-07-03 00:00:00,null,C_d338ffa6e4b8,SUSPENDED,false,null
CON_431a5a990e72,null,2026-07-09 00:00:00,null,C_9dcf7aa29eb8,SUSPENDED,false,null
CON_6b9732de5ba6,null,2026-07-08 00:00:00,null,C_e84f52ae5bbf,SUSPENDED,false,null
CON_ae7772bbd41f,null,2026-05-31 23:00:00,2027-05-31 19:00:00,C_f248bede29e2,ACTIVE,true,8
CON_feb059741076,null,2026-07-21 00:00:00,null,C_b00bb13c5d89,PENDING,false,null
CON_ccbde446ebf9,null,2026-07-11 00:00:00,null,C_83188b96eba5,ACTIVE,false,null
CON_fac19d845a95,null,2026-07-17 00:00:00,null,C_44e5e023c81e,PENDING,false,null
CON_c59703816cda,null,2026-07-17 00:00:00,null,C_a65c3bdc0f50,PENDING,false,null
CON_64faad874856,null,2026-07-14 00:00:00,null,C_773949c19a04,SUSPENDED,false,null
CON_b63256f03b09,null,2026-07-12 00:00:00,null,C_d437a7baa6ff,SUSPENDED,false,null
CON_daa625d5e81c,null,2026-07-11 00:00:00,null,C_b9c6c78f9edd,SUSPENDED,false,null
CON_6dfc84d2d4b9,null,2026-07-10 00:00:00,null,C_060cb97bfdc0,SUSPENDED,false,null
